This is pdfTeX, Version 3.141592653-2.6-1.40.24 (MiKTeX 23.1) (preloaded format=pdflatex 2023.2.24)  17 JUL 2024 13:43
entering extended mode
 restricted \write18 enabled.
 %&-line parsing enabled.
**./bookdown_AM.tex
(bookdown_AM.tex
LaTeX2e <2022-11-01> patch level 1
L3 programming layer <2023-02-02>
(C:\Users\beatriz\AppData\Local\Programs\MiKTeX\tex/latex/koma-script\scrbook.c
ls
Document Class: scrbook 2023/04/24 v3.40 KOMA-Script document class (book)

(C:\Users\beatriz\AppData\Local\Programs\MiKTeX\tex/latex/koma-script\scrkbase.
sty
Package: scrkbase 2023/04/24 v3.40 KOMA-Script package (KOMA-Script-dependent b
asics and keyval usage)

(C:\Users\beatriz\AppData\Local\Programs\MiKTeX\tex/latex/koma-script\scrbase.s
ty
Package: scrbase 2023/04/24 v3.40 KOMA-Script package (KOMA-Script-independent 
basics and keyval usage)

(C:\Users\beatriz\AppData\Local\Programs\MiKTeX\tex/latex/koma-script\scrlfile.
sty
Package: scrlfile 2023/04/24 v3.40 KOMA-Script package (file load hooks)

(C:\Users\beatriz\AppData\Local\Programs\MiKTeX\tex/latex/koma-script\scrlfile-
hook.sty
Package: scrlfile-hook 2023/04/24 v3.40 KOMA-Script package (using LaTeX hooks)


(C:\Users\beatriz\AppData\Local\Programs\MiKTeX\tex/latex/koma-script\scrlogo.s
ty
Package: scrlogo 2023/04/24 v3.40 KOMA-Script package (logo)
)))
(C:\Users\beatriz\AppData\Local\Programs\MiKTeX\tex/latex/graphics\keyval.sty
Package: keyval 2022/05/29 v1.15 key=value parser (DPC)
\KV@toks@=\toks16
)
Applying: [2021/05/01] Usage of raw or classic option list on input line 252.
Already applied: [0000/00/00] Usage of raw or classic option list on input line
 368.
))
(C:\Users\beatriz\AppData\Local\Programs\MiKTeX\tex/latex/koma-script\tocbasic.
sty
Package: tocbasic 2023/04/24 v3.40 KOMA-Script package (handling toc-files)
\scr@dte@tocline@numberwidth=\skip48
\scr@dte@tocline@numbox=\box51
)
Package tocbasic Info: omitting babel extension for `toc'
(tocbasic)             because of feature `nobabel' available
(tocbasic)             for `toc' on input line 135.
Class scrbook Info: You've used standard option `oneside'.
(scrbook)           This is correct!
(scrbook)           Internally I'm using `twoside=false'.
(scrbook)           If you'd like to set the option with \KOMAoptions,
(scrbook)           you'd have to use `twoside=false' there
(scrbook)           instead of `oneside', too.
Class scrbook Info: File `scrsize11pt.clo' used instead of
(scrbook)           file `scrsize11.clo' to setup font sizes on input line 2671
.

(C:\Users\beatriz\AppData\Local\Programs\MiKTeX\tex/latex/koma-script\scrsize11
pt.clo
File: scrsize11pt.clo 2023/04/24 v3.40 KOMA-Script font size class option (11pt
)
)
(C:\Users\beatriz\AppData\Local\Programs\MiKTeX\tex/latex/koma-script\typearea.
sty
Package: typearea 2023/04/24 v3.40 KOMA-Script package (type area)
\ta@bcor=\skip49
\ta@div=\count185
Package typearea Info: You've used standard option `a4paper'.
(typearea)             This is correct!
(typearea)             Internally I'm using `paper=a4'.
(typearea)             If you'd like to set the option with \KOMAoptions,
(typearea)             you'd have to use `paper=a4' there
(typearea)             instead of `a4paper', too.
Package typearea Info: You've used standard option `oneside'.
(typearea)             This is correct!
(typearea)             Internally I'm using `twoside=false'.
(typearea)             If you'd like to set the option with \KOMAoptions,
(typearea)             you'd have to use `twoside=false' there
(typearea)             instead of `oneside', too.
\ta@hblk=\skip50
\ta@vblk=\skip51
\ta@temp=\skip52
\footheight=\skip53
Package typearea Info: These are the values describing the layout:
(typearea)             DIV  = 10
(typearea)             BCOR = 0.0pt
(typearea)             \paperwidth      = 597.50793pt
(typearea)              \textwidth      = 418.25555pt
(typearea)              DIV departure   = -6%
(typearea)              \evensidemargin = 17.3562pt
(typearea)              \oddsidemargin  = 17.3562pt
(typearea)             \paperheight     = 845.04694pt
(typearea)              \textheight     = 595.80026pt
(typearea)              \topmargin      = -25.16531pt
(typearea)              \headheight     = 17.0pt
(typearea)              \headsep        = 20.40001pt
(typearea)              \topskip        = 11.0pt
(typearea)              \footskip       = 47.6pt
(typearea)              \baselineskip   = 13.6pt
(typearea)              on input line 1798.
)
\c@part=\count186
\c@chapter=\count187
\c@section=\count188
\c@subsection=\count189
\c@subsubsection=\count190
\c@paragraph=\count191
\c@subparagraph=\count192
\scr@dte@chapter@maxnumwidth=\skip54
Class scrbook Info: using compatibility default `afterindent=bysign'
(scrbook)           for `\chapter on input line 5957.
\scr@dte@section@maxnumwidth=\skip55
Class scrbook Info: using compatibility default `runin=bysign'
(scrbook)           for `\section on input line 5968.
Class scrbook Info: using compatibility default `afterindent=bysign'
(scrbook)           for `\section on input line 5968.
\scr@dte@part@maxnumwidth=\skip56
Class scrbook Info: using compatibility default `afterindent=true'
(scrbook)           for `\part on input line 5977.
\scr@dte@subsection@maxnumwidth=\skip57
Class scrbook Info: using compatibility default `runin=bysign'
(scrbook)           for `\subsection on input line 5987.
Class scrbook Info: using compatibility default `afterindent=bysign'
(scrbook)           for `\subsection on input line 5987.
\scr@dte@subsubsection@maxnumwidth=\skip58
Class scrbook Info: using compatibility default `runin=bysign'
(scrbook)           for `\subsubsection on input line 5997.
Class scrbook Info: using compatibility default `afterindent=bysign'
(scrbook)           for `\subsubsection on input line 5997.
\scr@dte@paragraph@maxnumwidth=\skip59
Class scrbook Info: using compatibility default `runin=bysign'
(scrbook)           for `\paragraph on input line 6008.
Class scrbook Info: using compatibility default `afterindent=bysign'
(scrbook)           for `\paragraph on input line 6008.
\scr@dte@subparagraph@maxnumwidth=\skip60
Class scrbook Info: using compatibility default `runin=bysign'
(scrbook)           for `\subparagraph on input line 6018.
Class scrbook Info: using compatibility default `afterindent=bysign'
(scrbook)           for `\subparagraph on input line 6018.
\abovecaptionskip=\skip61
\belowcaptionskip=\skip62
\c@pti@nb@sid@b@x=\box52
Package tocbasic Info: omitting babel extension for `lof'
(tocbasic)             because of feature `nobabel' available
(tocbasic)             for `lof' on input line 7201.
\scr@dte@figure@maxnumwidth=\skip63
\c@figure=\count193
Package tocbasic Info: omitting babel extension for `lot'
(tocbasic)             because of feature `nobabel' available
(tocbasic)             for `lot' on input line 7218.
\scr@dte@table@maxnumwidth=\skip64
\c@table=\count194
Class scrbook Info: Redefining `\numberline' on input line 7389.
\bibindent=\dimen140
)
(C:\Users\beatriz\AppData\Local\Programs\MiKTeX\tex/latex/amsmath\amsmath.sty
Package: amsmath 2022/04/08 v2.17n AMS math features
\@mathmargin=\skip65

For additional information on amsmath, use the `?' option.
(C:\Users\beatriz\AppData\Local\Programs\MiKTeX\tex/latex/amsmath\amstext.sty
Package: amstext 2021/08/26 v2.01 AMS text

(C:\Users\beatriz\AppData\Local\Programs\MiKTeX\tex/latex/amsmath\amsgen.sty
File: amsgen.sty 1999/11/30 v2.0 generic functions
\@emptytoks=\toks17
\ex@=\dimen141
))
(C:\Users\beatriz\AppData\Local\Programs\MiKTeX\tex/latex/amsmath\amsbsy.sty
Package: amsbsy 1999/11/29 v1.2d Bold Symbols
\pmbraise@=\dimen142
)
(C:\Users\beatriz\AppData\Local\Programs\MiKTeX\tex/latex/amsmath\amsopn.sty
Package: amsopn 2022/04/08 v2.04 operator names
)
\inf@bad=\count195
LaTeX Info: Redefining \frac on input line 234.
\uproot@=\count196
\leftroot@=\count197
LaTeX Info: Redefining \overline on input line 399.
LaTeX Info: Redefining \colon on input line 410.
\classnum@=\count198
\DOTSCASE@=\count199
LaTeX Info: Redefining \ldots on input line 496.
LaTeX Info: Redefining \dots on input line 499.
LaTeX Info: Redefining \cdots on input line 620.
\Mathstrutbox@=\box53
\strutbox@=\box54
LaTeX Info: Redefining \big on input line 722.
LaTeX Info: Redefining \Big on input line 723.
LaTeX Info: Redefining \bigg on input line 724.
LaTeX Info: Redefining \Bigg on input line 725.
\big@size=\dimen143
LaTeX Font Info:    Redeclaring font encoding OML on input line 743.
LaTeX Font Info:    Redeclaring font encoding OMS on input line 744.
\macc@depth=\count266
LaTeX Info: Redefining \bmod on input line 905.
LaTeX Info: Redefining \pmod on input line 910.
LaTeX Info: Redefining \smash on input line 940.
LaTeX Info: Redefining \relbar on input line 970.
LaTeX Info: Redefining \Relbar on input line 971.
\c@MaxMatrixCols=\count267
\dotsspace@=\muskip16
\c@parentequation=\count268
\dspbrk@lvl=\count269
\tag@help=\toks18
\row@=\count270
\column@=\count271
\maxfields@=\count272
\andhelp@=\toks19
\eqnshift@=\dimen144
\alignsep@=\dimen145
\tagshift@=\dimen146
\tagwidth@=\dimen147
\totwidth@=\dimen148
\lineht@=\dimen149
\@envbody=\toks20
\multlinegap=\skip66
\multlinetaggap=\skip67
\mathdisplay@stack=\toks21
LaTeX Info: Redefining \[ on input line 2953.
LaTeX Info: Redefining \] on input line 2954.
)
(C:\Users\beatriz\AppData\Local\Programs\MiKTeX\tex/latex/amsfonts\amssymb.sty
Package: amssymb 2013/01/14 v3.01 AMS font symbols

(C:\Users\beatriz\AppData\Local\Programs\MiKTeX\tex/latex/amsfonts\amsfonts.sty
Package: amsfonts 2013/01/14 v3.01 Basic AMSFonts support
\symAMSa=\mathgroup4
\symAMSb=\mathgroup5
LaTeX Font Info:    Redeclaring math symbol \hbar on input line 98.
LaTeX Font Info:    Overwriting math alphabet `\mathfrak' in version `bold'
(Font)                  U/euf/m/n --> U/euf/b/n on input line 106.
)) (C:\Users\beatriz\AppData\Local\Programs\MiKTeX\tex/generic/iftex\iftex.sty
Package: iftex 2022/02/03 v1.0f TeX engine tests
) (C:\Users\beatriz\AppData\Local\Programs\MiKTeX\tex/latex/base\fontenc.sty
Package: fontenc 2021/04/29 v2.0v Standard LaTeX package
)
(C:\Users\beatriz\AppData\Local\Programs\MiKTeX\tex/latex/base\inputenc.sty
Package: inputenc 2021/02/14 v1.3d Input encoding file
\inpenc@prehook=\toks22
\inpenc@posthook=\toks23
)
(C:\Users\beatriz\AppData\Local\Programs\MiKTeX\tex/latex/base\textcomp.sty
Package: textcomp 2020/02/02 v2.0n Standard LaTeX package
)
(C:\Users\beatriz\AppData\Local\Programs\MiKTeX\tex/latex/lm\lmodern.sty
Package: lmodern 2015/05/01 v1.6.1 Latin Modern Fonts
LaTeX Font Info:    Overwriting symbol font `operators' in version `normal'
(Font)                  OT1/cmr/m/n --> OT1/lmr/m/n on input line 22.
LaTeX Font Info:    Overwriting symbol font `letters' in version `normal'
(Font)                  OML/cmm/m/it --> OML/lmm/m/it on input line 23.
LaTeX Font Info:    Overwriting symbol font `symbols' in version `normal'
(Font)                  OMS/cmsy/m/n --> OMS/lmsy/m/n on input line 24.
LaTeX Font Info:    Overwriting symbol font `largesymbols' in version `normal'
(Font)                  OMX/cmex/m/n --> OMX/lmex/m/n on input line 25.
LaTeX Font Info:    Overwriting symbol font `operators' in version `bold'
(Font)                  OT1/cmr/bx/n --> OT1/lmr/bx/n on input line 26.
LaTeX Font Info:    Overwriting symbol font `letters' in version `bold'
(Font)                  OML/cmm/b/it --> OML/lmm/b/it on input line 27.
LaTeX Font Info:    Overwriting symbol font `symbols' in version `bold'
(Font)                  OMS/cmsy/b/n --> OMS/lmsy/b/n on input line 28.
LaTeX Font Info:    Overwriting symbol font `largesymbols' in version `bold'
(Font)                  OMX/cmex/m/n --> OMX/lmex/m/n on input line 29.
LaTeX Font Info:    Overwriting math alphabet `\mathbf' in version `normal'
(Font)                  OT1/cmr/bx/n --> OT1/lmr/bx/n on input line 31.
LaTeX Font Info:    Overwriting math alphabet `\mathsf' in version `normal'
(Font)                  OT1/cmss/m/n --> OT1/lmss/m/n on input line 32.
LaTeX Font Info:    Overwriting math alphabet `\mathit' in version `normal'
(Font)                  OT1/cmr/m/it --> OT1/lmr/m/it on input line 33.
LaTeX Font Info:    Overwriting math alphabet `\mathtt' in version `normal'
(Font)                  OT1/cmtt/m/n --> OT1/lmtt/m/n on input line 34.
LaTeX Font Info:    Overwriting math alphabet `\mathbf' in version `bold'
(Font)                  OT1/cmr/bx/n --> OT1/lmr/bx/n on input line 35.
LaTeX Font Info:    Overwriting math alphabet `\mathsf' in version `bold'
(Font)                  OT1/cmss/bx/n --> OT1/lmss/bx/n on input line 36.
LaTeX Font Info:    Overwriting math alphabet `\mathit' in version `bold'
(Font)                  OT1/cmr/bx/it --> OT1/lmr/bx/it on input line 37.
LaTeX Font Info:    Overwriting math alphabet `\mathtt' in version `bold'
(Font)                  OT1/cmtt/m/n --> OT1/lmtt/m/n on input line 38.
)
(C:\Users\beatriz\AppData\Local\Programs\MiKTeX\tex/latex/upquote\upquote.sty
Package: upquote 2012/04/19 v1.3 upright-quote and grave-accent glyphs in verba
tim
)
(C:\Users\beatriz\AppData\Local\Programs\MiKTeX\tex/latex/microtype\microtype.s
ty
Package: microtype 2022/06/23 v3.0f Micro-typographical refinements (RS)

(C:\Users\beatriz\AppData\Local\Programs\MiKTeX\tex/latex/etoolbox\etoolbox.sty
Package: etoolbox 2020/10/05 v2.5k e-TeX tools for LaTeX (JAW)
\etb@tempcnta=\count273
)
\MT@toks=\toks24
\MT@tempbox=\box55
\MT@count=\count274
LaTeX Info: Redefining \noprotrusionifhmode on input line 1045.
LaTeX Info: Redefining \leftprotrusion on input line 1046.
LaTeX Info: Redefining \rightprotrusion on input line 1056.
LaTeX Info: Redefining \textls on input line 1234.
\MT@outer@kern=\dimen150
LaTeX Info: Redefining \textmicrotypecontext on input line 1858.
\MT@listname@count=\count275

(C:\Users\beatriz\AppData\Local\Programs\MiKTeX\tex/latex/microtype\microtype-p
dftex.def
File: microtype-pdftex.def 2022/06/23 v3.0f Definitions specific to pdftex (RS)

LaTeX Info: Redefining \lsstyle on input line 900.
LaTeX Info: Redefining \lslig on input line 900.
\MT@outer@space=\skip68
)
Package microtype Info: Loading configuration file microtype.cfg.

(C:\Users\beatriz\AppData\Local\Programs\MiKTeX\tex/latex/microtype\microtype.c
fg
File: microtype.cfg 2022/06/23 v3.0f microtype main configuration file (RS)
))
(C:\Users\beatriz\AppData\Local\Programs\MiKTeX\tex/latex/xcolor\xcolor.sty
Package: xcolor 2022/06/12 v2.14 LaTeX color extensions (UK)

(C:\Users\beatriz\AppData\Local\Programs\MiKTeX\tex/latex/graphics-cfg\color.cf
g
File: color.cfg 2016/01/02 v1.6 sample color configuration
)
Package xcolor Info: Driver file: pdftex.def on input line 227.

(C:\Users\beatriz\AppData\Local\Programs\MiKTeX\tex/latex/graphics-def\pdftex.d
ef
File: pdftex.def 2022/09/22 v1.2b Graphics/color driver for pdftex
)
(C:\Users\beatriz\AppData\Local\Programs\MiKTeX\tex/latex/graphics\mathcolor.lt
x)
Package xcolor Info: Model `cmy' substituted by `cmy0' on input line 1353.
Package xcolor Info: Model `hsb' substituted by `rgb' on input line 1357.
Package xcolor Info: Model `RGB' extended on input line 1369.
Package xcolor Info: Model `HTML' substituted by `rgb' on input line 1371.
Package xcolor Info: Model `Hsb' substituted by `hsb' on input line 1372.
Package xcolor Info: Model `tHsb' substituted by `hsb' on input line 1373.
Package xcolor Info: Model `HSB' substituted by `hsb' on input line 1374.
Package xcolor Info: Model `Gray' substituted by `gray' on input line 1375.
Package xcolor Info: Model `wave' substituted by `hsb' on input line 1376.
)
(C:\Users\beatriz\AppData\Local\Programs\MiKTeX\tex/latex/fancyvrb\fancyvrb.sty
Package: fancyvrb 2023/01/19 4.5a verbatim text (tvz,hv)
\FV@CodeLineNo=\count276
\FV@InFile=\read2
\FV@TabBox=\box56
\c@FancyVerbLine=\count277
\FV@StepNumber=\count278
\FV@OutFile=\write3
) (C:\Users\beatriz\AppData\Local\Programs\MiKTeX\tex/latex/framed\framed.sty
Package: framed 2011/10/22 v 0.96: framed or shaded text with page breaks
\OuterFrameSep=\skip69
\fb@frw=\dimen151
\fb@frh=\dimen152
\FrameRule=\dimen153
\FrameSep=\dimen154
)
(C:\Users\beatriz\AppData\Local\Programs\MiKTeX\tex/latex/tools\longtable.sty
Package: longtable 2021-09-01 v4.17 Multi-page Table package (DPC)
\LTleft=\skip70
\LTright=\skip71
\LTpre=\skip72
\LTpost=\skip73
\LTchunksize=\count279
\LTcapwidth=\dimen155
\LT@head=\box57
\LT@firsthead=\box58
\LT@foot=\box59
\LT@lastfoot=\box60
\LT@gbox=\box61
\LT@cols=\count280
\LT@rows=\count281
\c@LT@tables=\count282
\c@LT@chunks=\count283
\LT@p@ftn=\toks25
)
Class scrbook Info: longtable captions redefined on input line 81.

(C:\Users\beatriz\AppData\Local\Programs\MiKTeX\tex/latex/booktabs\booktabs.sty
Package: booktabs 2020/01/12 v1.61803398 Publication quality tables
\heavyrulewidth=\dimen156
\lightrulewidth=\dimen157
\cmidrulewidth=\dimen158
\belowrulesep=\dimen159
\belowbottomsep=\dimen160
\aboverulesep=\dimen161
\abovetopsep=\dimen162
\cmidrulesep=\dimen163
\cmidrulekern=\dimen164
\defaultaddspace=\dimen165
\@cmidla=\count284
\@cmidlb=\count285
\@aboverulesep=\dimen166
\@belowrulesep=\dimen167
\@thisruleclass=\count286
\@lastruleclass=\count287
\@thisrulewidth=\dimen168
) (C:\Users\beatriz\AppData\Local\Programs\MiKTeX\tex/latex/tools\array.sty
Package: array 2022/03/10 v2.5f Tabular extension package (FMi)
\col@sep=\dimen169
\ar@mcellbox=\box62
\extrarowheight=\dimen170
\NC@list=\toks26
\extratabsurround=\skip74
\backup@length=\skip75
\ar@cellbox=\box63
)
(C:\Users\beatriz\AppData\Local\Programs\MiKTeX\tex/latex/tools\calc.sty
Package: calc 2017/05/25 v4.3 Infix arithmetic (KKT,FJ)
\calc@Acount=\count288
\calc@Bcount=\count289
\calc@Adimen=\dimen171
\calc@Bdimen=\dimen172
\calc@Askip=\skip76
\calc@Bskip=\skip77
LaTeX Info: Redefining \setlength on input line 80.
LaTeX Info: Redefining \addtolength on input line 81.
\calc@Ccount=\count290
\calc@Cskip=\skip78
)
(C:\Users\beatriz\AppData\Local\Programs\MiKTeX\tex/latex/footnotehyper\footnot
ehyper.sty
Package: footnotehyper 2021/08/13 v1.1e hyperref aware footnote.sty (JFB)
\FNH@notes=\box64
\FNH@width=\dimen173
\FNH@toks=\toks27
)
(C:\Users\beatriz\AppData\Local\Programs\MiKTeX\tex/latex/graphics\graphicx.sty
Package: graphicx 2021/09/16 v1.2d Enhanced LaTeX Graphics (DPC,SPQR)

(C:\Users\beatriz\AppData\Local\Programs\MiKTeX\tex/latex/graphics\graphics.sty
Package: graphics 2022/03/10 v1.4e Standard LaTeX Graphics (DPC,SPQR)
(C:\Users\beatriz\AppData\Local\Programs\MiKTeX\tex/latex/graphics\trig.sty
Package: trig 2021/08/11 v1.11 sin cos tan (DPC)
)
(C:\Users\beatriz\AppData\Local\Programs\MiKTeX\tex/latex/graphics-cfg\graphics
.cfg
File: graphics.cfg 2016/06/04 v1.11 sample graphics configuration
)
Package graphics Info: Driver file: pdftex.def on input line 107.
)
\Gin@req@height=\dimen174
\Gin@req@width=\dimen175
)

Class scrbook Warning: Usage of package `fancyhdr' together
(scrbook)              with a KOMA-Script class is not recommended.
(scrbook)              I'd suggest to use 
(scrbook)              package `scrlayer' or `scrlayer-scrpage', because
(scrbook)              they support KOMA-Script classes.
(scrbook)              With `fancyhdr' several features of class `scrbook'
(scrbook)              like options `headsepline', `footsepline' or command
(scrbook)              `\MakeMarkcase' and the commands `\setkomafont' and
(scrbook)              `\addtokomafont' for the page style elements need
(scrbook)              explicite user intervention to work.
(scrbook)              Nevertheless, using requested
(scrbook)              package `fancyhdr' on input line 108.


(C:\Users\beatriz\AppData\Local\Programs\MiKTeX\tex/latex/fancyhdr\fancyhdr.sty
Package: fancyhdr 2022/11/09 v4.1 Extensive control of page headers and footers

\f@nch@headwidth=\skip79
\f@nch@O@elh=\skip80
\f@nch@O@erh=\skip81
\f@nch@O@olh=\skip82
\f@nch@O@orh=\skip83
\f@nch@O@elf=\skip84
\f@nch@O@erf=\skip85
\f@nch@O@olf=\skip86
\f@nch@O@orf=\skip87
) (C:\Users\beatriz\AppData\Local\Programs\MiKTeX\tex/latex/tools\bm.sty
Package: bm 2022/01/05 v1.2f Bold Symbol Support (DPC/FMi)
\symboldoperators=\mathgroup6
\symboldletters=\mathgroup7
\symboldsymbols=\mathgroup8
Package bm Info: No bold for \OMX/lmex/m/n, using \pmb.
Package bm Info: No bold for \U/msa/m/n, using \pmb.
Package bm Info: No bold for \U/msb/m/n, using \pmb.
LaTeX Font Info:    Redeclaring math alphabet \mathbf on input line 149.
)
(C:\Users\beatriz\AppData\Local\Programs\MiKTeX\tex/generic/babel\babel.sty
Package: babel 2022/01/23 3.85 The Babel package
\babel@savecnt=\count291
\U@D=\dimen176
\l@unhyphenated=\language79

(C:\Users\beatriz\AppData\Local\Programs\MiKTeX\tex/generic/babel\txtbabel.def)
\bbl@readstream=\read3
\bbl@dirlevel=\count292
*************************************
* Local config file bblopts.cfg used
*
(C:\Users\beatriz\AppData\Local\Programs\MiKTeX\tex/latex/arabi\bblopts.cfg
File: bblopts.cfg 2005/09/08 v0.1 add Arabic and Farsi to "declared" options of
 babel
)
(C:\Users\beatriz\AppData\Local\Programs\MiKTeX\tex/latex/babel-spanish\spanish
.ldf
Language: spanish.ldf 2021/05/27 v5.0q Spanish support from the babel system
\es@quottoks=\toks28
\es@quotdepth=\count293
Package babel Info: Making " an active character on input line 570.
Package babel Info: Making . an active character on input line 675.
Package babel Info: Making < an active character on input line 722.
Package babel Info: Making > an active character on input line 722.
))
(C:\Users\beatriz\AppData\Local\Programs\MiKTeX\tex/generic/babel/locale/es\bab
el-spanish.tex
Package babel Info: Importing font and identification data for spanish
(babel)             from babel-es.ini. Reported on input line 11.
)
(C:\Users\beatriz\AppData\Local\Programs\MiKTeX\tex/latex/fontawesome5\fontawes
ome5.sty
(C:\Users\beatriz\AppData\Local\Programs\MiKTeX\tex/latex/l3kernel\expl3.sty
Package: expl3 2023-02-02 L3 programming layer (loader) 

(C:\Users\beatriz\AppData\Local\Programs\MiKTeX\tex/latex/l3backend\l3backend-p
dftex.def
File: l3backend-pdftex.def 2023-01-16 L3 backend support: PDF output (pdfTeX)
\l__color_backend_stack_int=\count294
\l__pdf_internal_box=\box65
))
Package: fontawesome5 2022/05/02 v5.15.4 Font Awesome 5

(C:\Users\beatriz\AppData\Local\Programs\MiKTeX\tex/latex/l3packages/l3keys2e\l
3keys2e.sty
Package: l3keys2e 2023-01-16 LaTeX2e option processing using LaTeX3 keys
)
(C:\Users\beatriz\AppData\Local\Programs\MiKTeX\tex/latex/l3packages/xparse\xpa
rse.sty
Package: xparse 2023-01-16 L3 Experimental document command parser
)
(C:\Users\beatriz\AppData\Local\Programs\MiKTeX\tex/latex/fontawesome5\fontawes
ome5-generic-helper.sty
Package: fontawesome5-generic-helper 2022/05/02 v5.15.4 non-uTeX helper for fon
tawesome5

(C:\Users\beatriz\AppData\Local\Programs\MiKTeX\tex/latex/fontawesome5\fontawes
ome5-mapping.def)))
(C:\Users\beatriz\AppData\Local\Programs\MiKTeX\tex/latex/geometry\geometry.sty
Package: geometry 2020/01/02 v5.9 Page Geometry
(C:\Users\beatriz\AppData\Local\Programs\MiKTeX\tex/generic/iftex\ifvtex.sty
Package: ifvtex 2019/10/25 v1.7 ifvtex legacy package. Use iftex instead.
)
\Gm@cnth=\count295
\Gm@cntv=\count296
\c@Gm@tempcnt=\count297
\Gm@bindingoffset=\dimen177
\Gm@wd@mp=\dimen178
\Gm@odd@mp=\dimen179
\Gm@even@mp=\dimen180
\Gm@layoutwidth=\dimen181
\Gm@layoutheight=\dimen182
\Gm@layouthoffset=\dimen183
\Gm@layoutvoffset=\dimen184
\Gm@dimlist=\toks29

(C:\Users\beatriz\AppData\Local\Programs\MiKTeX\tex/latex/geometry\geometry.cfg
))
(C:\Users\beatriz\AppData\Local\Programs\MiKTeX\tex/latex/psnfss\mathpazo.sty
Package: mathpazo 2020/03/25 PSNFSS-v9.3 Palatino w/ Pazo Math (D.Puga, WaS) 
\symupright=\mathgroup9
)
(C:\Users\beatriz\AppData\Local\Programs\MiKTeX\tex/latex/amscls\amsthm.sty
Package: amsthm 2020/05/29 v2.20.6
\thm@style=\toks30
\thm@bodyfont=\toks31
\thm@headfont=\toks32
\thm@notefont=\toks33
\thm@headpunct=\toks34
\thm@preskip=\skip88
\thm@postskip=\skip89
\thm@headsep=\skip90
\dth@everypar=\toks35
)
(C:\Users\beatriz\AppData\Local\Programs\MiKTeX\tex/latex/xpatch\xpatch.sty
Package: xpatch 2020/03/25 v0.3a Extending etoolbox patching commands
)
Class scrbook Info: amsthm's \deferred@thm@head patched.

(C:\Users\beatriz\AppData\Local\Programs\MiKTeX\tex/latex/eso-pic\eso-pic.sty
Package: eso-pic 2020/10/14 v3.0a eso-pic (RN)
\ESO@tempdima=\dimen185
\ESO@tempdimb=\dimen186
)

Package fancyhdr Warning: \fancyhead's `E' option without twoside option is use
less.
(fancyhdr)                Please consider using the `twoside' option on input l
ine 159.


Package fancyhdr Warning: \fancyhead's `E' option without twoside option is use
less.
(fancyhdr)                Please consider using the `twoside' option on input l
ine 160.


Package fancyhdr Warning: \fancyfoot's `E' option without twoside option is use
less.
(fancyhdr)                Please consider using the `twoside' option on input l
ine 161.


Class scrbook Warning: Usage of package `tocbibind' together
(scrbook)              with a KOMA-Script class is not recommended.
(scrbook)              I'd suggest to use options like `listof=totoc'
(scrbook)              or `bibliography=totoc', or commands like
(scrbook)              `\setuptoc{toc}{totoc}' instead of this package,
(scrbook)              because it breaks several KOMA-Script features of
(scrbook)              the list of figures, list of tables, bibliography,
(scrbook)              index and the running head.
(scrbook)              Nevertheless, using requested
(scrbook)              package `tocbibind' on input line 171.


(C:\Users\beatriz\AppData\Local\Programs\MiKTeX\tex/latex/tocbibind\tocbibind.s
ty
Package: tocbibind 2010/10/13 v1.5k extra ToC listings
Package tocbibind Info: The document has chapter divisions on input line 50.


Package tocbibind Note: Using chapter style headings, unless overridden.

) (C:\Users\beatriz\AppData\Local\Programs\MiKTeX\tex/latex/base\makeidx.sty
Package: makeidx 2021/10/04 v1.0m Standard LaTeX package
)
\@indexfile=\write4
\openout4 = `bookdown_AM.idx'.


Writing index file bookdown_AM.idx
(C:\Users\beatriz\AppData\Local\Programs\MiKTeX\tex/latex/natbib\natbib.sty
Package: natbib 2010/09/13 8.31b (PWD, AO)
\bibhang=\skip91
\bibsep=\skip92
LaTeX Info: Redefining \cite on input line 694.
\c@NAT@ctr=\count298
)
\citation{*}

(C:\Users\beatriz\AppData\Local\Programs\MiKTeX\tex/latex/bookmark\bookmark.sty
Package: bookmark 2020-11-06 v1.29 PDF bookmarks (HO)

(C:\Users\beatriz\AppData\Local\Programs\MiKTeX\tex/latex/hyperref\hyperref.sty
Package: hyperref 2022-11-13 v7.00u Hypertext links for LaTeX

(C:\Users\beatriz\AppData\Local\Programs\MiKTeX\tex/generic/ltxcmds\ltxcmds.sty
Package: ltxcmds 2020-05-10 v1.25 LaTeX kernel commands for general use (HO)
)
(C:\Users\beatriz\AppData\Local\Programs\MiKTeX\tex/generic/pdftexcmds\pdftexcm
ds.sty
Package: pdftexcmds 2020-06-27 v0.33 Utility functions of pdfTeX for LuaTeX (HO
)

(C:\Users\beatriz\AppData\Local\Programs\MiKTeX\tex/generic/infwarerr\infwarerr
.sty
Package: infwarerr 2019/12/03 v1.5 Providing info/warning/error messages (HO)
)
Package pdftexcmds Info: \pdf@primitive is available.
Package pdftexcmds Info: \pdf@ifprimitive is available.
Package pdftexcmds Info: \pdfdraftmode found.
)
(C:\Users\beatriz\AppData\Local\Programs\MiKTeX\tex/latex/kvsetkeys\kvsetkeys.s
ty
Package: kvsetkeys 2022-10-05 v1.19 Key value parser (HO)
)
(C:\Users\beatriz\AppData\Local\Programs\MiKTeX\tex/generic/kvdefinekeys\kvdefi
nekeys.sty
Package: kvdefinekeys 2019-12-19 v1.6 Define keys (HO)
)
(C:\Users\beatriz\AppData\Local\Programs\MiKTeX\tex/generic/pdfescape\pdfescape
.sty
Package: pdfescape 2019/12/09 v1.15 Implements pdfTeX's escape features (HO)
)
(C:\Users\beatriz\AppData\Local\Programs\MiKTeX\tex/latex/hycolor\hycolor.sty
Package: hycolor 2020-01-27 v1.10 Color options for hyperref/bookmark (HO)
)
(C:\Users\beatriz\AppData\Local\Programs\MiKTeX\tex/latex/letltxmacro\letltxmac
ro.sty
Package: letltxmacro 2019/12/03 v1.6 Let assignment for LaTeX macros (HO)
)
(C:\Users\beatriz\AppData\Local\Programs\MiKTeX\tex/latex/auxhook\auxhook.sty
Package: auxhook 2019-12-17 v1.6 Hooks for auxiliary files (HO)
)
(C:\Users\beatriz\AppData\Local\Programs\MiKTeX\tex/latex/hyperref\nameref.sty
Package: nameref 2022-05-17 v2.50 Cross-referencing by name of section

(C:\Users\beatriz\AppData\Local\Programs\MiKTeX\tex/latex/refcount\refcount.sty
Package: refcount 2019/12/15 v3.6 Data extraction from label references (HO)
)
(C:\Users\beatriz\AppData\Local\Programs\MiKTeX\tex/generic/gettitlestring\gett
itlestring.sty
Package: gettitlestring 2019/12/15 v1.6 Cleanup title references (HO)

(C:\Users\beatriz\AppData\Local\Programs\MiKTeX\tex/latex/kvoptions\kvoptions.s
ty
Package: kvoptions 2022-06-15 v3.15 Key value format for package options (HO)
))
\c@section@level=\count299
)
\@linkdim=\dimen187
\Hy@linkcounter=\count300
\Hy@pagecounter=\count301

(C:\Users\beatriz\AppData\Local\Programs\MiKTeX\tex/latex/hyperref\pd1enc.def
File: pd1enc.def 2022-11-13 v7.00u Hyperref: PDFDocEncoding definition (HO)
Now handling font encoding PD1 ...
... no UTF-8 mapping file for font encoding PD1
)
(C:\Users\beatriz\AppData\Local\Programs\MiKTeX\tex/generic/intcalc\intcalc.sty
Package: intcalc 2019/12/15 v1.3 Expandable calculations with integers (HO)
)
(C:\Users\beatriz\AppData\Local\Programs\MiKTeX\tex/generic/etexcmds\etexcmds.s
ty
Package: etexcmds 2019/12/15 v1.7 Avoid name clashes with e-TeX commands (HO)
)
\Hy@SavedSpaceFactor=\count302

(C:\Users\beatriz\AppData\Local\Programs\MiKTeX\tex/latex/hyperref\puenc.def
File: puenc.def 2022-11-13 v7.00u Hyperref: PDF Unicode definition (HO)
Now handling font encoding PU ...
... no UTF-8 mapping file for font encoding PU
)
Package hyperref Info: Option `unicode' set `true' on input line 4045.
Package hyperref Info: Hyper figures OFF on input line 4162.
Package hyperref Info: Link nesting OFF on input line 4167.
Package hyperref Info: Hyper index ON on input line 4170.
Package hyperref Info: Plain pages OFF on input line 4177.
Package hyperref Info: Backreferencing OFF on input line 4182.
Package hyperref Info: Implicit mode ON; LaTeX internals redefined.
Package hyperref Info: Bookmarks ON on input line 4410.
\c@Hy@tempcnt=\count303

(C:\Users\beatriz\AppData\Local\Programs\MiKTeX\tex/latex/url\url.sty
\Urlmuskip=\muskip17
Package: url 2013/09/16  ver 3.4  Verb mode for urls, etc.
)
LaTeX Info: Redefining \url on input line 4748.
\XeTeXLinkMargin=\dimen188

(C:\Users\beatriz\AppData\Local\Programs\MiKTeX\tex/generic/bitset\bitset.sty
Package: bitset 2019/12/09 v1.3 Handle bit-vector datatype (HO)

(C:\Users\beatriz\AppData\Local\Programs\MiKTeX\tex/generic/bigintcalc\bigintca
lc.sty
Package: bigintcalc 2019/12/15 v1.5 Expandable calculations on big integers (HO
)
))
\Fld@menulength=\count304
\Field@Width=\dimen189
\Fld@charsize=\dimen190
Package hyperref Info: Hyper figures OFF on input line 6027.
Package hyperref Info: Link nesting OFF on input line 6032.
Package hyperref Info: Hyper index ON on input line 6035.
Package hyperref Info: backreferencing OFF on input line 6042.
Package hyperref Info: Link coloring OFF on input line 6047.
Package hyperref Info: Link coloring with OCG OFF on input line 6052.
Package hyperref Info: PDF/A mode OFF on input line 6057.

(C:\Users\beatriz\AppData\Local\Programs\MiKTeX\tex/latex/base\atbegshi-ltx.sty
Package: atbegshi-ltx 2021/01/10 v1.0c Emulation of the original atbegshi
package with kernel methods
)
\Hy@abspage=\count305
\c@Item=\count306
\c@Hfootnote=\count307
)
Package hyperref Info: Driver (autodetected): hpdftex.

(C:\Users\beatriz\AppData\Local\Programs\MiKTeX\tex/latex/hyperref\hpdftex.def
File: hpdftex.def 2022-11-13 v7.00u Hyperref driver for pdfTeX

(C:\Users\beatriz\AppData\Local\Programs\MiKTeX\tex/latex/base\atveryend-ltx.st
y
Package: atveryend-ltx 2020/08/19 v1.0a Emulation of the original atveryend pac
kage
with kernel methods
)
\Fld@listcount=\count308
\c@bookmark@seq@number=\count309

(C:\Users\beatriz\AppData\Local\Programs\MiKTeX\tex/latex/rerunfilecheck\rerunf
ilecheck.sty
Package: rerunfilecheck 2022-07-10 v1.10 Rerun checks for auxiliary files (HO)

(C:\Users\beatriz\AppData\Local\Programs\MiKTeX\tex/generic/uniquecounter\uniqu
ecounter.sty
Package: uniquecounter 2019/12/15 v1.4 Provide unlimited unique counter (HO)
)
Package uniquecounter Info: New unique counter `rerunfilecheck' on input line 2
85.
)
\Hy@SectionHShift=\skip93
)
(C:\Users\beatriz\AppData\Local\Programs\MiKTeX\tex/latex/bookmark\bkm-pdftex.d
ef
File: bkm-pdftex.def 2020-11-06 v1.29 bookmark driver for pdfTeX (HO)
\BKM@id=\count310
)) (C:\Users\beatriz\AppData\Local\Programs\MiKTeX\tex/latex/xurl\xurl.sty
Package: xurl 2022/01/09 v 0.10 modify URL breaks
)
\c@theorem=\count311
\c@lemma=\count312
\c@corollary=\count313
\c@proposition=\count314
\c@conjecture=\count315
\c@definition=\count316
\c@example=\count317
\c@exercise=\count318
\c@hypothesis=\count319
LaTeX Font Info:    Trying to load font information for T1+pplx on input line 3
08.

(C:\Users\beatriz\AppData\Local\Programs\MiKTeX\tex/latex/psnfss\t1pplx.fd
File: t1pplx.fd 2004/09/06 font definitions for T1/pplx.
)
No file bookdown_AM.aux.
\openout1 = `bookdown_AM.aux'.

LaTeX Font Info:    Checking defaults for OML/cmm/m/it on input line 308.
LaTeX Font Info:    ... okay on input line 308.
LaTeX Font Info:    Checking defaults for OMS/cmsy/m/n on input line 308.
LaTeX Font Info:    ... okay on input line 308.
LaTeX Font Info:    Checking defaults for OT1/cmr/m/n on input line 308.
LaTeX Font Info:    ... okay on input line 308.
LaTeX Font Info:    Checking defaults for T1/cmr/m/n on input line 308.
LaTeX Font Info:    ... okay on input line 308.
LaTeX Font Info:    Checking defaults for TS1/cmr/m/n on input line 308.
LaTeX Font Info:    ... okay on input line 308.
LaTeX Font Info:    Checking defaults for OMX/cmex/m/n on input line 308.
LaTeX Font Info:    ... okay on input line 308.
LaTeX Font Info:    Checking defaults for U/cmr/m/n on input line 308.
LaTeX Font Info:    ... okay on input line 308.
LaTeX Font Info:    Checking defaults for PD1/pdf/m/n on input line 308.
LaTeX Font Info:    ... okay on input line 308.
LaTeX Font Info:    Checking defaults for PU/pdf/m/n on input line 308.
LaTeX Font Info:    ... okay on input line 308.
Package tocbasic Info: usage of `tocbibind' detected on input line 308.
LaTeX Info: Redefining \microtypecontext on input line 308.
Package microtype Info: Applying patch `item' on input line 308.
Package microtype Info: Applying patch `toc' on input line 308.
Package microtype Info: Applying patch `eqnum' on input line 308.
Package microtype Info: Applying patch `footnote' on input line 308.
Package microtype Info: Generating PDF output.
Package microtype Info: Character protrusion enabled (level 2).
Package microtype Info: Using protrusion set `basicmath'.
Package microtype Info: Automatic font expansion enabled (level 2),
(microtype)             stretch: 20, shrink: 20, step: 1, non-selected.
Package microtype Info: Using default expansion set `alltext-nott'.
LaTeX Info: Redefining \showhyphens on input line 308.
Package microtype Info: No adjustment of tracking.
Package microtype Info: No adjustment of interword spacing.
Package microtype Info: No adjustment of character kerning.
(C:\Users\beatriz\AppData\Local\Programs\MiKTeX\tex/latex/microtype\mt-ppl.cfg
File: mt-ppl.cfg 2005/11/16 v1.6 microtype config. file: Palatino (RS)
)
(C:\Users\beatriz\AppData\Local\Programs\MiKTeX\tex/context/base/mkii\supp-pdf.
mkii
[Loading MPS to PDF converter (version 2006.09.02).]
\scratchcounter=\count320
\scratchdimen=\dimen191
\scratchbox=\box66
\nofMPsegments=\count321
\nofMParguments=\count322
\everyMPshowfont=\toks36
\MPscratchCnt=\count323
\MPscratchDim=\dimen192
\MPnumerator=\count324
\makeMPintoPDFobject=\count325
\everyMPtoPDFconversion=\toks37
)
(C:\Users\beatriz\AppData\Local\Programs\MiKTeX\tex/latex/epstopdf-pkg\epstopdf
-base.sty
Package: epstopdf-base 2020-01-24 v2.11 Base part for package epstopdf
Package epstopdf-base Info: Redefining graphics rule for `.eps' on input line 4
85.

(C:\Users\beatriz\AppData\Local\Programs\MiKTeX\tex/latex/00miktex\epstopdf-sys
.cfg
File: epstopdf-sys.cfg 2021/03/18 v2.0 Configuration of epstopdf for MiKTeX
))
LaTeX Info: Redefining \. on input line 308.
LaTeX Info: Redefining \% on input line 308.

*geometry* driver: auto-detecting
*geometry* detected driver: pdftex
*geometry* verbose mode - [ preamble ] result:
* driver: pdftex
* paper: a4paper
* layout: <same size as paper>
* layoutoffset:(h,v)=(0.0pt,0.0pt)
* modes: 
* h-part:(L,W,R)=(71.13188pt, 455.24411pt, 71.13188pt)
* v-part:(T,H,B)=(85.35826pt, 645.87756pt, 113.81102pt)
* \paperwidth=597.50787pt
* \paperheight=845.04684pt
* \textwidth=455.24411pt
* \textheight=645.87756pt
* \oddsidemargin=-1.1381pt
* \evensidemargin=-1.1381pt
* \topmargin=-24.31174pt
* \headheight=17.0pt
* \headsep=20.40001pt
* \topskip=11.0pt
* \footskip=28.45274pt
* \marginparwidth=59.7508pt
* \marginparsep=0.0pt
* \columnsep=10.0pt
* \skip\footins=10.0pt plus 4.0pt minus 2.0pt
* \hoffset=0.0pt
* \voffset=0.0pt
* \mag=1000
* \@twocolumnfalse
* \@twosidefalse
* \@mparswitchfalse
* \@reversemarginfalse
* (1in=72.27pt=25.4mm, 1cm=28.453pt)

Package hyperref Info: Link coloring OFF on input line 308.

LaTeX Warning: File `images/coverAM.jpg' not found on input line 321.


! Package pdftex.def Error: File `images/coverAM.jpg' not found: using draft se
tting.

See the pdftex.def package documentation for explanation.
Type  H <return>  for immediate help.
 ...                                              
                                                  
l.321 \clearpage
                
Try typing  <return>  to proceed.
If that doesn't work, type  X <return>  to quit.

LaTeX Font Info:    Trying to load font information for T1+lmtt on input line 3
21.
(C:\Users\beatriz\AppData\Local\Programs\MiKTeX\tex/latex/lm\t1lmtt.fd
File: t1lmtt.fd 2015/05/01 v1.6.1 Font defs for Latin Modern
)
[1{C:/Users/beatriz/AppData/Local/MiKTeX/fonts/map/pdftex/pdftex.map}


]
LaTeX Font Info:    Trying to load font information for T1+lmss on input line 3
37.

(C:\Users\beatriz\AppData\Local\Programs\MiKTeX\tex/latex/lm\t1lmss.fd
File: t1lmss.fd 2015/05/01 v1.6.1 Font defs for Latin Modern
)
Package microtype Info: Loading generic protrusion settings for font family
(microtype)             `lmss' (encoding: T1).
(microtype)             For optimal results, create family-specific settings.
(microtype)             See the microtype manual for details.
Package tocbasic Info: character protrusion at toc deactivated on input line 33
7.

No file bookdown_AM.toc.
\tf@toc=\write5
\openout5 = `bookdown_AM.toc'.

[2



]
LaTeX Font Info:    Trying to load font information for OT1+pplx on input line 
349.
 (C:\Users\beatriz\AppData\Local\Programs\MiKTeX\tex/latex/psnfss\ot1pplx.fd
File: ot1pplx.fd 2004/09/06 font definitions for OT1/pplx.
)
LaTeX Font Info:    Trying to load font information for OML+zplm on input line 
349.
 (C:\Users\beatriz\AppData\Local\Programs\MiKTeX\tex/latex/psnfss\omlzplm.fd
File: omlzplm.fd 2002/09/08 Fontinst v1.914 font definitions for OML/zplm.
)
LaTeX Font Info:    Trying to load font information for OMS+zplm on input line 
349.

(C:\Users\beatriz\AppData\Local\Programs\MiKTeX\tex/latex/psnfss\omszplm.fd
File: omszplm.fd 2002/09/08 Fontinst v1.914 font definitions for OMS/zplm.
)
LaTeX Font Info:    Trying to load font information for OMX+zplm on input line 
349.

(C:\Users\beatriz\AppData\Local\Programs\MiKTeX\tex/latex/psnfss\omxzplm.fd
File: omxzplm.fd 2002/09/08 Fontinst v1.914 font definitions for OMX/zplm.
)
LaTeX Font Info:    Font shape `U/msa/m/n' will be
(Font)              scaled to size 12.50409pt on input line 349.

(C:\Users\beatriz\AppData\Local\Programs\MiKTeX\tex/latex/microtype\mt-msa.cfg
File: mt-msa.cfg 2006/02/04 v1.1 microtype config. file: AMS symbols (a) (RS)
)
LaTeX Font Info:    Font shape `U/msa/m/n' will be
(Font)              scaled to size 9.37807pt on input line 349.
LaTeX Font Info:    Font shape `U/msa/m/n' will be
(Font)              scaled to size 7.29405pt on input line 349.
LaTeX Font Info:    Font shape `U/msb/m/n' will be
(Font)              scaled to size 12.50409pt on input line 349.
(C:\Users\beatriz\AppData\Local\Programs\MiKTeX\tex/latex/microtype\mt-msb.cfg
File: mt-msb.cfg 2005/06/01 v1.0 microtype config. file: AMS symbols (b) (RS)
)
LaTeX Font Info:    Font shape `U/msb/m/n' will be
(Font)              scaled to size 9.37807pt on input line 349.
LaTeX Font Info:    Font shape `U/msb/m/n' will be
(Font)              scaled to size 7.29405pt on input line 349.
LaTeX Font Info:    Trying to load font information for OT1+lmr on input line 3
49.
(C:\Users\beatriz\AppData\Local\Programs\MiKTeX\tex/latex/lm\ot1lmr.fd
File: ot1lmr.fd 2015/05/01 v1.6.1 Font defs for Latin Modern
)
(C:\Users\beatriz\AppData\Local\Programs\MiKTeX\tex/latex/microtype\mt-cmr.cfg
File: mt-cmr.cfg 2013/05/19 v2.2 microtype config. file: Computer Modern Roman 
(RS)
)
LaTeX Font Info:    Trying to load font information for OML+lmm on input line 3
49.
(C:\Users\beatriz\AppData\Local\Programs\MiKTeX\tex/latex/lm\omllmm.fd
File: omllmm.fd 2015/05/01 v1.6.1 Font defs for Latin Modern
)
LaTeX Font Info:    Trying to load font information for OMS+lmsy on input line 
349.

(C:\Users\beatriz\AppData\Local\Programs\MiKTeX\tex/latex/lm\omslmsy.fd
File: omslmsy.fd 2015/05/01 v1.6.1 Font defs for Latin Modern
)
LaTeX Font Info:    Trying to load font information for OT1+zplm on input line 
349.

(C:\Users\beatriz\AppData\Local\Programs\MiKTeX\tex/latex/psnfss\ot1zplm.fd
File: ot1zplm.fd 2002/09/08 Fontinst v1.914 font definitions for OT1/zplm.
)
[3


]
Underfull \hbox (badness 10000) in paragraph at lines 370--371

 []

<images/by-nc-nd.png, id=23, 88.33pt x 31.11626pt>
File: images/by-nc-nd.png Graphic file (type png)
<use images/by-nc-nd.png>
Package pdftex.def Info: images/by-nc-nd.png  used on input line 372.
(pdftex.def)             Requested size: 88.33112pt x 31.11664pt.

Package natbib Warning: Citation `R-base' on page 4 undefined on input line 378
.

LaTeX Font Info:    Font shape `T1/lmtt/bx/n' in size <9> not available
(Font)              Font shape `T1/lmtt/b/n' tried instead on input line 384.
LaTeX Info: Redefining \. on input line 395.
LaTeX Info: Redefining \% on input line 395.
[4 <./images/by-nc-nd.png>]
chapter 1.

LaTeX Warning: File `bookdown_AM_files/figure-latex/fa-icon-ead87092f1ee45c6836
0e07f2a5b1042.pdf' not found on input line 400.


! Package pdftex.def Error: File `bookdown_AM_files/figure-latex/fa-icon-ead870
92f1ee45c68360e07f2a5b1042.pdf' not found: using draft setting.

See the pdftex.def package documentation for explanation.
Type  H <return>  for immediate help.
 ...                                              
                                                  
l.400 ...1042.pdf} ~\textcolor{excolor}{Ejemplo.}}
                                                   Un estudio pretende anali...

Try typing  <return>  to proceed.
If that doesn't work, type  X <return>  to quit.

LaTeX Font Info:    Font shape `T1/lmtt/bx/n' in size <12> not available
(Font)              Font shape `T1/lmtt/b/n' tried instead on input line 400.

LaTeX Warning: File `bookdown_AM_files/figure-latex/fa-icon-ead87092f1ee45c6836
0e07f2a5b1042.pdf' not found on input line 402.


! Package pdftex.def Error: File `bookdown_AM_files/figure-latex/fa-icon-ead870
92f1ee45c68360e07f2a5b1042.pdf' not found: using draft setting.

See the pdftex.def package documentation for explanation.
Type  H <return>  for immediate help.
 ...                                              
                                                  
l.402 ...1042.pdf} ~\textcolor{excolor}{Ejemplo.}}
                                                   Para llevar a cabo un est...

Try typing  <return>  to proceed.
If that doesn't work, type  X <return>  to quit.


LaTeX Warning: File `bookdown_AM_files/figure-latex/fa-icon-ead87092f1ee45c6836
0e07f2a5b1042.pdf' not found on input line 404.


! Package pdftex.def Error: File `bookdown_AM_files/figure-latex/fa-icon-ead870
92f1ee45c68360e07f2a5b1042.pdf' not found: using draft setting.

See the pdftex.def package documentation for explanation.
Type  H <return>  for immediate help.
 ...                                              
                                                  
l.404 ...1042.pdf} ~\textcolor{excolor}{Ejemplo.}}
                                                   El conjunto de datos de i...

Try typing  <return>  to proceed.
If that doesn't work, type  X <return>  to quit.

[5


]
LaTeX Info: Redefining \. on input line 429.
LaTeX Info: Redefining \% on input line 429.
 [6]
LaTeX Font Info:    Font shape `U/msa/m/n' will be
(Font)              scaled to size 5.21004pt on input line 436.
LaTeX Font Info:    Font shape `U/msb/m/n' will be
(Font)              scaled to size 5.21004pt on input line 436.
LaTeX Font Info:    Trying to load font information for U+fplmbb on input line 
436.

(C:\Users\beatriz\AppData\Local\Programs\MiKTeX\tex/latex/psnfss\ufplmbb.fd
File: ufplmbb.fd 2003/10/30 Fontinst v1.914 font definitions for U/fplmbb.
)

LaTeX Warning: Reference `anexoAlg' on page 7 undefined on input line 456.

LaTeX Info: Redefining \. on input line 459.
LaTeX Info: Redefining \% on input line 459.
[7]

LaTeX Warning: File `bookdown_AM_files/figure-latex/fa-icon-ead87092f1ee45c6836
0e07f2a5b1042.pdf' not found on input line 466.


! Package pdftex.def Error: File `bookdown_AM_files/figure-latex/fa-icon-ead870
92f1ee45c68360e07f2a5b1042.pdf' not found: using draft setting.

See the pdftex.def package documentation for explanation.
Type  H <return>  for immediate help.
 ...                                              
                                                  
l.466 ...1042.pdf} ~\textcolor{excolor}{Ejemplo.}}
                                                   En el estudio del gorrió...

Try typing  <return>  to proceed.
If that doesn't work, type  X <return>  to quit.

LaTeX Info: Redefining \. on input line 494.
LaTeX Info: Redefining \% on input line 494.
[8]
LaTeX Info: Redefining \. on input line 527.
LaTeX Info: Redefining \% on input line 527.
 [9]
LaTeX Info: Redefining \. on input line 559.
LaTeX Info: Redefining \% on input line 559.
 [10]

LaTeX Warning: File `bookdown_AM_files/figure-latex/fa-icon-ead87092f1ee45c6836
0e07f2a5b1042.pdf' not found on input line 581.


! Package pdftex.def Error: File `bookdown_AM_files/figure-latex/fa-icon-ead870
92f1ee45c68360e07f2a5b1042.pdf' not found: using draft setting.

See the pdftex.def package documentation for explanation.
Type  H <return>  for immediate help.
 ...                                              
                                                  
l.581 ...1042.pdf} ~\textcolor{excolor}{Ejemplo.}}
                                                   Se analizaron las variabl...

Try typing  <return>  to proceed.
If that doesn't work, type  X <return>  to quit.

LaTeX Info: Redefining \. on input line 589.
LaTeX Info: Redefining \% on input line 589.
[11]

LaTeX Warning: File `bookdown_AM_files/figure-latex/fa-icon-ead87092f1ee45c6836
0e07f2a5b1042.pdf' not found on input line 634.


! Package pdftex.def Error: File `bookdown_AM_files/figure-latex/fa-icon-ead870
92f1ee45c68360e07f2a5b1042.pdf' not found: using draft setting.

See the pdftex.def package documentation for explanation.
Type  H <return>  for immediate help.
 ...                                              
                                                  
l.634 ...1042.pdf} ~\textcolor{excolor}{Ejemplo.}}
                                                   El conjunto de datos \tex...

Try typing  <return>  to proceed.
If that doesn't work, type  X <return>  to quit.

LaTeX Info: Redefining \. on input line 661.
LaTeX Info: Redefining \% on input line 661.
[12]

LaTeX Warning: File `bookdown_AM_files/figure-latex/fa-icon-ead87092f1ee45c6836
0e07f2a5b1042.pdf' not found on input line 675.


! Package pdftex.def Error: File `bookdown_AM_files/figure-latex/fa-icon-ead870
92f1ee45c68360e07f2a5b1042.pdf' not found: using draft setting.

See the pdftex.def package documentation for explanation.
Type  H <return>  for immediate help.
 ...                                              
                                                  
l.675 ...1042.pdf} ~\textcolor{excolor}{Ejemplo.}}
                                                   Diagrama de dispersión p...

Try typing  <return>  to proceed.
If that doesn't work, type  X <return>  to quit.


LaTeX Warning: Reference `fig:scat3d' on page 13 undefined on input line 678.


! LaTeX Error: File `bookdown_AM_files/figure-latex/scat3d-1' not found.

See the LaTeX manual or LaTeX Companion for explanation.
Type  H <return>  for immediate help.
 ...                                              
                                                  
l.691 ...ookdown_AM_files/figure-latex/scat3d-1} }
                                                  
I could not locate the file with any of these extensions:
.pdf,.png,.jpg,.mps,.jpeg,.jbig2,.jb2,.PDF,.PNG,.JPG,.JPEG,.JBIG2,.JB2,.eps
Try typing  <return>  to proceed.
If that doesn't work, type  X <return>  to quit.


LaTeX Warning: Reference `fig:scat' on page 13 undefined on input line 719.

LaTeX Info: Redefining \. on input line 721.
LaTeX Info: Redefining \% on input line 721.
[13]

LaTeX Warning: File `bookdown_AM_files/figure-latex/fa-icon-ead87092f1ee45c6836
0e07f2a5b1042.pdf' not found on input line 722.


! Package pdftex.def Error: File `bookdown_AM_files/figure-latex/fa-icon-ead870
92f1ee45c68360e07f2a5b1042.pdf' not found: using draft setting.

See the pdftex.def package documentation for explanation.
Type  H <return>  for immediate help.
 ...                                              
                                                  
l.722 ...1042.pdf} ~\textcolor{excolor}{Ejemplo.}}
                                                   Matrices de diagramas de ...

Try typing  <return>  to proceed.
If that doesn't work, type  X <return>  to quit.


! LaTeX Error: File `bookdown_AM_files/figure-latex/scat-1' not found.

See the LaTeX manual or LaTeX Companion for explanation.
Type  H <return>  for immediate help.
 ...                                              
                                                  
l.746 ...{bookdown_AM_files/figure-latex/scat-1} }
                                                   \resizebox{.4\linewidth}{...

I could not locate the file with any of these extensions:
.pdf,.png,.jpg,.mps,.jpeg,.jbig2,.jb2,.PDF,.PNG,.JPG,.JPEG,.JBIG2,.JB2,.eps
Try typing  <return>  to proceed.
If that doesn't work, type  X <return>  to quit.


! LaTeX Error: File `bookdown_AM_files/figure-latex/scat-2' not found.

See the LaTeX manual or LaTeX Companion for explanation.
Type  H <return>  for immediate help.
 ...                                              
                                                  
l.746 ...{bookdown_AM_files/figure-latex/scat-2} }
                                                  
I could not locate the file with any of these extensions:
.pdf,.png,.jpg,.mps,.jpeg,.jbig2,.jb2,.PDF,.PNG,.JPG,.JPEG,.JBIG2,.JB2,.eps
Try typing  <return>  to proceed.
If that doesn't work, type  X <return>  to quit.


LaTeX Warning: Reference `fig:con' on page 14 undefined on input line 758.


LaTeX Warning: File `bookdown_AM_files/figure-latex/fa-icon-ead87092f1ee45c6836
0e07f2a5b1042.pdf' not found on input line 761.


! Package pdftex.def Error: File `bookdown_AM_files/figure-latex/fa-icon-ead870
92f1ee45c68360e07f2a5b1042.pdf' not found: using draft setting.

See the pdftex.def package documentation for explanation.
Type  H <return>  for immediate help.
 ...                                              
                                                  
l.761 ...1042.pdf} ~\textcolor{excolor}{Ejemplo.}}
                                                   Gráfico de dispersión c...

Try typing  <return>  to proceed.
If that doesn't work, type  X <return>  to quit.

LaTeX Info: Redefining \. on input line 766.
LaTeX Info: Redefining \% on input line 766.
[14]

! LaTeX Error: File `bookdown_AM_files/figure-latex/con-1' not found.

See the LaTeX manual or LaTeX Companion for explanation.
Type  H <return>  for immediate help.
 ...                                              
                                                  
l.777 ...]{bookdown_AM_files/figure-latex/con-1} }
                                                  
I could not locate the file with any of these extensions:
.pdf,.png,.jpg,.mps,.jpeg,.jbig2,.jb2,.PDF,.PNG,.JPG,.JPEG,.JBIG2,.JB2,.eps
Try typing  <return>  to proceed.
If that doesn't work, type  X <return>  to quit.


LaTeX Warning: Reference `fig:star' on page 15 undefined on input line 789.


LaTeX Warning: File `bookdown_AM_files/figure-latex/fa-icon-ead87092f1ee45c6836
0e07f2a5b1042.pdf' not found on input line 796.


! Package pdftex.def Error: File `bookdown_AM_files/figure-latex/fa-icon-ead870
92f1ee45c68360e07f2a5b1042.pdf' not found: using draft setting.

See the pdftex.def package documentation for explanation.
Type  H <return>  for immediate help.
 ...                                              
                                                  
l.796 ...1042.pdf} ~\textcolor{excolor}{Ejemplo.}}
                                                   Gráfico de estrellas par...

Try typing  <return>  to proceed.
If that doesn't work, type  X <return>  to quit.


! LaTeX Error: File `bookdown_AM_files/figure-latex/star-1' not found.

See the LaTeX manual or LaTeX Companion for explanation.
Type  H <return>  for immediate help.
 ...                                              
                                                  
l.810 ...{bookdown_AM_files/figure-latex/star-1} }
                                                  
I could not locate the file with any of these extensions:
.pdf,.png,.jpg,.mps,.jpeg,.jbig2,.jb2,.PDF,.PNG,.JPG,.JPEG,.JBIG2,.JB2,.eps
Try typing  <return>  to proceed.
If that doesn't work, type  X <return>  to quit.


LaTeX Warning: Reference `fig:cara' on page 15 undefined on input line 824.

LaTeX Info: Redefining \. on input line 828.
LaTeX Info: Redefining \% on input line 828.
[15]

LaTeX Warning: File `bookdown_AM_files/figure-latex/fa-icon-ead87092f1ee45c6836
0e07f2a5b1042.pdf' not found on input line 828.


! Package pdftex.def Error: File `bookdown_AM_files/figure-latex/fa-icon-ead870
92f1ee45c68360e07f2a5b1042.pdf' not found: using draft setting.

See the pdftex.def package documentation for explanation.
Type  H <return>  for immediate help.
 ...                                              
                                                  
l.828 ...1042.pdf} ~\textcolor{excolor}{Ejemplo.}}
                                                   Gráficos de caras de Che...

Try typing  <return>  to proceed.
If that doesn't work, type  X <return>  to quit.


! LaTeX Error: File `bookdown_AM_files/figure-latex/cara-1' not found.

See the LaTeX manual or LaTeX Companion for explanation.
Type  H <return>  for immediate help.
 ...                                              
                                                  
l.861 ...{bookdown_AM_files/figure-latex/cara-1} }
                                                  
I could not locate the file with any of these extensions:
.pdf,.png,.jpg,.mps,.jpeg,.jbig2,.jb2,.PDF,.PNG,.JPG,.JPEG,.JBIG2,.JB2,.eps
Try typing  <return>  to proceed.
If that doesn't work, type  X <return>  to quit.


LaTeX Warning: File `bookdown_AM_files/figure-latex/fa-icon-ead87092f1ee45c6836
0e07f2a5b1042.pdf' not found on input line 880.


! Package pdftex.def Error: File `bookdown_AM_files/figure-latex/fa-icon-ead870
92f1ee45c68360e07f2a5b1042.pdf' not found: using draft setting.

See the pdftex.def package documentation for explanation.
Type  H <return>  for immediate help.
 ...                                              
                                                  
l.880 ...1042.pdf} ~\textcolor{excolor}{Ejemplo.}}
                                                   Trabajaremos ahora con va...

Try typing  <return>  to proceed.
If that doesn't work, type  X <return>  to quit.

LaTeX Info: Redefining \. on input line 885.
LaTeX Info: Redefining \% on input line 885.
[16]
LaTeX Info: Redefining \. on input line 956.
LaTeX Info: Redefining \% on input line 956.
 [17]
LaTeX Info: Redefining \. on input line 984.
LaTeX Info: Redefining \% on input line 984.
 [18]

LaTeX Warning: File `bookdown_AM_files/figure-latex/fa-icon-ead87092f1ee45c6836
0e07f2a5b1042.pdf' not found on input line 991.


! Package pdftex.def Error: File `bookdown_AM_files/figure-latex/fa-icon-ead870
92f1ee45c68360e07f2a5b1042.pdf' not found: using draft setting.

See the pdftex.def package documentation for explanation.
Type  H <return>  for immediate help.
 ...                                              
                                                  
l.991 ...1042.pdf} ~\textcolor{excolor}{Ejemplo.}}
                                                   Volvemos al conjunto de d...

Try typing  <return>  to proceed.
If that doesn't work, type  X <return>  to quit.

LaTeX Info: Redefining \. on input line 1037.
LaTeX Info: Redefining \% on input line 1037.
[19]

LaTeX Warning: File `bookdown_AM_files/figure-latex/fa-icon-ead87092f1ee45c6836
0e07f2a5b1042.pdf' not found on input line 1061.


! Package pdftex.def Error: File `bookdown_AM_files/figure-latex/fa-icon-ead870
92f1ee45c68360e07f2a5b1042.pdf' not found: using draft setting.

See the pdftex.def package documentation for explanation.
Type  H <return>  for immediate help.
 ...                                              
                                                  
l.1061 ...042.pdf} ~\textcolor{excolor}{Ejemplo.}}
                                                   Un estudio sobre diabetes...

Try typing  <return>  to proceed.
If that doesn't work, type  X <return>  to quit.

LaTeX Info: Redefining \. on input line 1087.
LaTeX Info: Redefining \% on input line 1087.
[20]
LaTeX Info: Redefining \. on input line 1116.
LaTeX Info: Redefining \% on input line 1116.
 [21]

LaTeX Warning: File `bookdown_AM_files/figure-latex/fa-icon-ead87092f1ee45c6836
0e07f2a5b1042.pdf' not found on input line 1121.


! Package pdftex.def Error: File `bookdown_AM_files/figure-latex/fa-icon-ead870
92f1ee45c68360e07f2a5b1042.pdf' not found: using draft setting.

See the pdftex.def package documentation for explanation.
Type  H <return>  for immediate help.
 ...                                              
                                                  
l.1121 ...042.pdf} ~\textcolor{excolor}{Ejemplo.}}
                                                   Los datos del estudio sob...

Try typing  <return>  to proceed.
If that doesn't work, type  X <return>  to quit.

LaTeX Info: Redefining \. on input line 1168.
LaTeX Info: Redefining \% on input line 1168.
[22]

LaTeX Warning: File `bookdown_AM_files/figure-latex/fa-icon-ead87092f1ee45c6836
0e07f2a5b1042.pdf' not found on input line 1190.


! Package pdftex.def Error: File `bookdown_AM_files/figure-latex/fa-icon-ead870
92f1ee45c68360e07f2a5b1042.pdf' not found: using draft setting.

See the pdftex.def package documentation for explanation.
Type  H <return>  for immediate help.
 ...                                              
                                                  
l.1190 ...042.pdf} ~\textcolor{excolor}{Ejemplo.}}
                                                   Para el ejemplo del estud...

Try typing  <return>  to proceed.
If that doesn't work, type  X <return>  to quit.

LaTeX Info: Redefining \. on input line 1206.
LaTeX Info: Redefining \% on input line 1206.
[23]
LaTeX Info: Redefining \. on input line 1272.
LaTeX Info: Redefining \% on input line 1272.
 [24]

LaTeX Warning: File `bookdown_AM_files/figure-latex/fa-icon-ead87092f1ee45c6836
0e07f2a5b1042.pdf' not found on input line 1301.


! Package pdftex.def Error: File `bookdown_AM_files/figure-latex/fa-icon-ead870
92f1ee45c68360e07f2a5b1042.pdf' not found: using draft setting.

See the pdftex.def package documentation for explanation.
Type  H <return>  for immediate help.
 ...                                              
                                                  
l.1301 ...042.pdf} ~\textcolor{excolor}{Ejemplo.}}
                                                   Supongamos que disponemos...

Try typing  <return>  to proceed.
If that doesn't work, type  X <return>  to quit.


LaTeX Warning: Reference `fig:dist' on page 25 undefined on input line 1307.

LaTeX Info: Redefining \. on input line 1308.
LaTeX Info: Redefining \% on input line 1308.
[25]

! LaTeX Error: File `bookdown_AM_files/figure-latex/dist-1' not found.

See the LaTeX manual or LaTeX Companion for explanation.
Type  H <return>  for immediate help.
 ...                                              
                                                  
l.1317 ...bookdown_AM_files/figure-latex/dist-1} }
                                                  
I could not locate the file with any of these extensions:
.pdf,.png,.jpg,.mps,.jpeg,.jbig2,.jb2,.PDF,.PNG,.JPG,.JPEG,.JBIG2,.JB2,.eps
Try typing  <return>  to proceed.
If that doesn't work, type  X <return>  to quit.


LaTeX Warning: File `bookdown_AM_files/figure-latex/fa-icon-ead87092f1ee45c6836
0e07f2a5b1042.pdf' not found on input line 1342.


! Package pdftex.def Error: File `bookdown_AM_files/figure-latex/fa-icon-ead870
92f1ee45c68360e07f2a5b1042.pdf' not found: using draft setting.

See the pdftex.def package documentation for explanation.
Type  H <return>  for immediate help.
 ...                                              
                                                  
l.1342 ...042.pdf} ~\textcolor{excolor}{Ejemplo.}}
                                                   En el ejemplo anterior de...

Try typing  <return>  to proceed.
If that doesn't work, type  X <return>  to quit.

LaTeX Info: Redefining \. on input line 1348.
LaTeX Info: Redefining \% on input line 1348.
[26]

LaTeX Warning: File `bookdown_AM_files/figure-latex/fa-icon-ead87092f1ee45c6836
0e07f2a5b1042.pdf' not found on input line 1374.


! Package pdftex.def Error: File `bookdown_AM_files/figure-latex/fa-icon-ead870
92f1ee45c68360e07f2a5b1042.pdf' not found: using draft setting.

See the pdftex.def package documentation for explanation.
Type  H <return>  for immediate help.
 ...                                              
                                                  
l.1374 ...042.pdf} ~\textcolor{excolor}{Ejemplo.}}
                                                   En el ejemplo anterior de...

Try typing  <return>  to proceed.
If that doesn't work, type  X <return>  to quit.

LaTeX Info: Redefining \. on input line 1387.
LaTeX Info: Redefining \% on input line 1387.
[27]

LaTeX Warning: File `bookdown_AM_files/figure-latex/fa-icon-ead87092f1ee45c6836
0e07f2a5b1042.pdf' not found on input line 1395.


! Package pdftex.def Error: File `bookdown_AM_files/figure-latex/fa-icon-ead870
92f1ee45c68360e07f2a5b1042.pdf' not found: using draft setting.

See the pdftex.def package documentation for explanation.
Type  H <return>  for immediate help.
 ...                                              
                                                  
l.1395 ...042.pdf} ~\textcolor{excolor}{Ejemplo.}}
                                                   En la Figura \ref{fig:est...

Try typing  <return>  to proceed.
If that doesn't work, type  X <return>  to quit.


LaTeX Warning: Reference `fig:estandarizacion' on page 28 undefined on input li
ne 1395.


! LaTeX Error: File `bookdown_AM_files/figure-latex/estandarizacion-1' not foun
d.

See the LaTeX manual or LaTeX Companion for explanation.
Type  H <return>  for immediate help.
 ...                                              
                                                  
l.1409 ..._files/figure-latex/estandarizacion-1} }
                                                   \resizebox{.4\linewidth}{...

I could not locate the file with any of these extensions:
.pdf,.png,.jpg,.mps,.jpeg,.jbig2,.jb2,.PDF,.PNG,.JPG,.JPEG,.JBIG2,.JB2,.eps
Try typing  <return>  to proceed.
If that doesn't work, type  X <return>  to quit.


! LaTeX Error: File `bookdown_AM_files/figure-latex/estandarizacion-2' not foun
d.

See the LaTeX manual or LaTeX Companion for explanation.
Type  H <return>  for immediate help.
 ...                                              
                                                  
l.1409 ..._files/figure-latex/estandarizacion-2} }
                                                  
I could not locate the file with any of these extensions:
.pdf,.png,.jpg,.mps,.jpeg,.jbig2,.jb2,.PDF,.PNG,.JPG,.JPEG,.JBIG2,.JB2,.eps
Try typing  <return>  to proceed.
If that doesn't work, type  X <return>  to quit.

LaTeX Info: Redefining \. on input line 1427.
LaTeX Info: Redefining \% on input line 1427.
[28]
LaTeX Info: Redefining \. on input line 1472.
LaTeX Info: Redefining \% on input line 1472.
 [29]
LaTeX Info: Redefining \. on input line 1474.
LaTeX Info: Redefining \% on input line 1474.
 [30]
chapter 2.
[31


]

LaTeX Warning: Reference `secnorm' on page 32 undefined on input line 1525.

LaTeX Info: Redefining \. on input line 1535.
LaTeX Info: Redefining \% on input line 1535.
[32]

LaTeX Warning: Reference `fig:norm' on page 33 undefined on input line 1549.


! LaTeX Error: File `bookdown_AM_files/figure-latex/norm-1' not found.

See the LaTeX manual or LaTeX Companion for explanation.
Type  H <return>  for immediate help.
 ...                                              
                                                  
l.1553 ...bookdown_AM_files/figure-latex/norm-1} }
                                                  
I could not locate the file with any of these extensions:
.pdf,.png,.jpg,.mps,.jpeg,.jbig2,.jb2,.PDF,.PNG,.JPG,.JPEG,.JBIG2,.JB2,.eps
Try typing  <return>  to proceed.
If that doesn't work, type  X <return>  to quit.


LaTeX Warning: Reference `fig:norm2' on page 33 undefined on input line 1567.


LaTeX Warning: Reference `anexoDist' on page 33 undefined on input line 1569.


! LaTeX Error: File `bookdown_AM_files/figure-latex/norm2-1' not found.

See the LaTeX manual or LaTeX Companion for explanation.
Type  H <return>  for immediate help.
 ...                                              
                                                  
l.1574 ...ookdown_AM_files/figure-latex/norm2-1} }
                                                   \resizebox{.4\linewidth}{...

I could not locate the file with any of these extensions:
.pdf,.png,.jpg,.mps,.jpeg,.jbig2,.jb2,.PDF,.PNG,.JPG,.JPEG,.JBIG2,.JB2,.eps
Try typing  <return>  to proceed.
If that doesn't work, type  X <return>  to quit.


! LaTeX Error: File `bookdown_AM_files/figure-latex/norm2-2' not found.

See the LaTeX manual or LaTeX Companion for explanation.
Type  H <return>  for immediate help.
 ...                                              
                                                  
l.1574 ...ookdown_AM_files/figure-latex/norm2-2} }
                                                  
I could not locate the file with any of these extensions:
.pdf,.png,.jpg,.mps,.jpeg,.jbig2,.jb2,.PDF,.PNG,.JPG,.JPEG,.JBIG2,.JB2,.eps
Try typing  <return>  to proceed.
If that doesn't work, type  X <return>  to quit.

LaTeX Info: Redefining \. on input line 1594.
LaTeX Info: Redefining \% on input line 1594.
[33]

LaTeX Warning: Reference `fig:detsigma' on page 34 undefined on input line 1598
.


LaTeX Warning: Reference `fig:detsigma' on page 34 undefined on input line 1603
.


! LaTeX Error: File `bookdown_AM_files/figure-latex/detsigma-1' not found.

See the LaTeX manual or LaTeX Companion for explanation.
Type  H <return>  for immediate help.
 ...                                              
                                                  
l.1619 ...down_AM_files/figure-latex/detsigma-1} }
                                                   \resizebox{.4\linewidth}{...

I could not locate the file with any of these extensions:
.pdf,.png,.jpg,.mps,.jpeg,.jbig2,.jb2,.PDF,.PNG,.JPG,.JPEG,.JBIG2,.JB2,.eps
Try typing  <return>  to proceed.
If that doesn't work, type  X <return>  to quit.


! LaTeX Error: File `bookdown_AM_files/figure-latex/detsigma-2' not found.

See the LaTeX manual or LaTeX Companion for explanation.
Type  H <return>  for immediate help.
 ...                                              
                                                  
l.1619 ...down_AM_files/figure-latex/detsigma-2} }
                                                  
I could not locate the file with any of these extensions:
.pdf,.png,.jpg,.mps,.jpeg,.jbig2,.jb2,.PDF,.PNG,.JPG,.JPEG,.JBIG2,.JB2,.eps
Try typing  <return>  to proceed.
If that doesn't work, type  X <return>  to quit.

LaTeX Info: Redefining \. on input line 1634.
LaTeX Info: Redefining \% on input line 1634.
[34]
LaTeX Info: Redefining \. on input line 1655.
LaTeX Info: Redefining \% on input line 1655.
 [35]
Overfull \hbox (5.25885pt too wide) in paragraph at lines 1688--1694
\T1/pplx/m/n/12 (-20) donde he-mos apli-ca-do que traza($\OML/lmm/b/it/12 A$\T1
/pplx/m/n/12 (-20) +$\OML/lmm/b/it/12 B$\T1/pplx/m/n/12 (-20) )=traza($\OML/lmm
/b/it/12 A$\T1/pplx/m/n/12 (-20) )+traza($\OML/lmm/b/it/12 B$\T1/pplx/m/n/12 (-
20) ) y que traza($\OML/lmm/b/it/12 AB$\T1/pplx/m/n/12 (-20) )=traza($\OML/lmm/
b/it/12 BA$\T1/pplx/m/n/12 (-20) ).
 []

LaTeX Info: Redefining \. on input line 1698.
LaTeX Info: Redefining \% on input line 1698.
[36]
LaTeX Info: Redefining \. on input line 1735.
LaTeX Info: Redefining \% on input line 1735.
 [37]

LaTeX Warning: Reference `anexoDist' on page 38 undefined on input line 1745.


LaTeX Warning: File `bookdown_AM_files/figure-latex/fa-icon-ead87092f1ee45c6836
0e07f2a5b1042.pdf' not found on input line 1756.


! Package pdftex.def Error: File `bookdown_AM_files/figure-latex/fa-icon-ead870
92f1ee45c68360e07f2a5b1042.pdf' not found: using draft setting.

See the pdftex.def package documentation for explanation.
Type  H <return>  for immediate help.
 ...                                              
                                                  
l.1756 ...042.pdf} ~\textcolor{excolor}{Ejemplo.}}
                                                   Un estudio sobre Psicolog...

Try typing  <return>  to proceed.
If that doesn't work, type  X <return>  to quit.

LaTeX Info: Redefining \. on input line 1771.
LaTeX Info: Redefining \% on input line 1771.
[38]
LaTeX Info: Redefining \. on input line 1802.
LaTeX Info: Redefining \% on input line 1802.
 [39]
LaTeX Info: Redefining \. on input line 1831.
LaTeX Info: Redefining \% on input line 1831.
 [40]
Overfull \hbox (8.56137pt too wide) detected at line 1860
[] \OML/zplm/m/it/12 L\OT1/zplm/m/n/12 (\OML/lmm/b/it/12 x\OT1/pplx/m/n/12 , \O
ML/lmm/b/it/12 ^^V[]\OT1/pplx/m/n/12 , []\OT1/zplm/m/n/12 ) = \OML/zplm/m/it/12
 c \OMS/zplm/m/n/12 ^^@ [] [] j[]j ^^@ [] [] [][] [][][] [] ^^@ [] [][] [][][] 
[]
 []


LaTeX Warning: Reference `eq:supmu' on page 41 undefined on input line 1861.

LaTeX Info: Redefining \. on input line 1869.
LaTeX Info: Redefining \% on input line 1869.
[41]

LaTeX Warning: File `bookdown_AM_files/figure-latex/fa-icon-ead87092f1ee45c6836
0e07f2a5b1042.pdf' not found on input line 1886.


! Package pdftex.def Error: File `bookdown_AM_files/figure-latex/fa-icon-ead870
92f1ee45c68360e07f2a5b1042.pdf' not found: using draft setting.

See the pdftex.def package documentation for explanation.
Type  H <return>  for immediate help.
 ...                                              
                                                  
l.1886 ...042.pdf} ~\textcolor{excolor}{Ejemplo.}}
                                                   Volvemos al estudio sobre...

Try typing  <return>  to proceed.
If that doesn't work, type  X <return>  to quit.

LaTeX Info: Redefining \. on input line 1903.
LaTeX Info: Redefining \% on input line 1903.
[42]
LaTeX Info: Redefining \. on input line 1961.
LaTeX Info: Redefining \% on input line 1961.
 [43]

LaTeX Warning: Reference `fig:test' on page 44 undefined on input line 1968.


! LaTeX Error: File `bookdown_AM_files/figure-latex/test-1' not found.

See the LaTeX manual or LaTeX Companion for explanation.
Type  H <return>  for immediate help.
 ...                                              
                                                  
l.1983 ...bookdown_AM_files/figure-latex/test-1} }
                                                  
I could not locate the file with any of these extensions:
.pdf,.png,.jpg,.mps,.jpeg,.jbig2,.jb2,.PDF,.PNG,.JPG,.JPEG,.JBIG2,.JB2,.eps
Try typing  <return>  to proceed.
If that doesn't work, type  X <return>  to quit.

LaTeX Info: Redefining \. on input line 2003.
LaTeX Info: Redefining \% on input line 2003.
[44]
LaTeX Info: Redefining \. on input line 2037.
LaTeX Info: Redefining \% on input line 2037.
 [45]
LaTeX Info: Redefining \. on input line 2081.
LaTeX Info: Redefining \% on input line 2081.
 [46]
LaTeX Info: Redefining \. on input line 2127.
LaTeX Info: Redefining \% on input line 2127.
 [47]

LaTeX Warning: Reference `eq:t2' on page 48 undefined on input line 2144.


Package natbib Warning: Citation `hot36' on page 48 undefined on input line 215
1.


LaTeX Warning: Reference `anexoDist' on page 48 undefined on input line 2160.

LaTeX Info: Redefining \. on input line 2167.
LaTeX Info: Redefining \% on input line 2167.
[48]

LaTeX Warning: File `bookdown_AM_files/figure-latex/fa-icon-ead87092f1ee45c6836
0e07f2a5b1042.pdf' not found on input line 2179.


! Package pdftex.def Error: File `bookdown_AM_files/figure-latex/fa-icon-ead870
92f1ee45c68360e07f2a5b1042.pdf' not found: using draft setting.

See the pdftex.def package documentation for explanation.
Type  H <return>  for immediate help.
 ...                                              
                                                  
l.2179 ...042.pdf} ~\textcolor{excolor}{Ejemplo.}}
                                                   El fichero \texttt{notas....

Try typing  <return>  to proceed.
If that doesn't work, type  X <return>  to quit.

LaTeX Info: Redefining \. on input line 2201.
LaTeX Info: Redefining \% on input line 2201.
[49]

LaTeX Warning: Reference `fig:test3a' on page 50 undefined on input line 2250.


! LaTeX Error: File `bookdown_AM_files/figure-latex/test3a-1' not found.

See the LaTeX manual or LaTeX Companion for explanation.
Type  H <return>  for immediate help.
 ...                                              
                                                  
l.2257 ...okdown_AM_files/figure-latex/test3a-1} }
                                                  
I could not locate the file with any of these extensions:
.pdf,.png,.jpg,.mps,.jpeg,.jbig2,.jb2,.PDF,.PNG,.JPG,.JPEG,.JBIG2,.JB2,.eps
Try typing  <return>  to proceed.
If that doesn't work, type  X <return>  to quit.


Package amsfonts Warning: Obsolete command \Bbb; \mathbb should be used instead
 on input line 2271.

LaTeX Info: Redefining \. on input line 2272.
LaTeX Info: Redefining \% on input line 2272.
[50]

LaTeX Warning: Reference `fig:region' on page 51 undefined on input line 2282.


! LaTeX Error: File `bookdown_AM_files/figure-latex/region-1' not found.

See the LaTeX manual or LaTeX Companion for explanation.
Type  H <return>  for immediate help.
 ...                                              
                                                  
l.2289 ...okdown_AM_files/figure-latex/region-1} }
                                                  
I could not locate the file with any of these extensions:
.pdf,.png,.jpg,.mps,.jpeg,.jbig2,.jb2,.PDF,.PNG,.JPG,.JPEG,.JBIG2,.JB2,.eps
Try typing  <return>  to proceed.
If that doesn't work, type  X <return>  to quit.

LaTeX Info: Redefining \. on input line 2302.
LaTeX Info: Redefining \% on input line 2302.
[51]
LaTeX Info: Redefining \. on input line 2340.
LaTeX Info: Redefining \% on input line 2340.
 [52]
LaTeX Info: Redefining \. on input line 2379.
LaTeX Info: Redefining \% on input line 2379.
 [53]

Package longtable Warning: Column widths have changed
(longtable)                in table 2.1 on input line 2392.

LaTeX Info: Redefining \. on input line 2418.
LaTeX Info: Redefining \% on input line 2418.
[54]

Package longtable Warning: Column widths have changed
(longtable)                in table 2.2 on input line 2435.


LaTeX Warning: File `bookdown_AM_files/figure-latex/fa-icon-ead87092f1ee45c6836
0e07f2a5b1042.pdf' not found on input line 2437.


! Package pdftex.def Error: File `bookdown_AM_files/figure-latex/fa-icon-ead870
92f1ee45c68360e07f2a5b1042.pdf' not found: using draft setting.

See the pdftex.def package documentation for explanation.
Type  H <return>  for immediate help.
 ...                                              
                                                  
l.2437 ...042.pdf} ~\textcolor{excolor}{Ejemplo.}}
                                                   Sobre el ejemplo de las p...

Try typing  <return>  to proceed.
If that doesn't work, type  X <return>  to quit.


LaTeX Warning: Reference `fig:tema2figura1' on page 55 undefined on input line 
2441.


! LaTeX Error: File `bookdown_AM_files/figure-latex/tema2figura1-1' not found.

See the LaTeX manual or LaTeX Companion for explanation.
Type  H <return>  for immediate help.
 ...                                              
                                                  
l.2458 ..._AM_files/figure-latex/tema2figura1-1} }
                                                  
I could not locate the file with any of these extensions:
.pdf,.png,.jpg,.mps,.jpeg,.jbig2,.jb2,.PDF,.PNG,.JPG,.JPEG,.JBIG2,.JB2,.eps
Try typing  <return>  to proceed.
If that doesn't work, type  X <return>  to quit.

LaTeX Info: Redefining \. on input line 2463.
LaTeX Info: Redefining \% on input line 2463.
[55]
LaTeX Info: Redefining \. on input line 2502.
LaTeX Info: Redefining \% on input line 2502.
 [56]
LaTeX Info: Redefining \. on input line 2542.
LaTeX Info: Redefining \% on input line 2542.
 [57]

LaTeX Warning: Reference `eq:verosirestricta' on page 58 undefined on input lin
e 2559.


LaTeX Warning: Reference `eq:conocido' on page 58 undefined on input line 2564.


LaTeX Info: Redefining \. on input line 2579.
LaTeX Info: Redefining \% on input line 2579.
[58]

LaTeX Warning: Reference `eq:desconocido' on page 59 undefined on input line 25
90.

LaTeX Info: Redefining \. on input line 2618.
LaTeX Info: Redefining \% on input line 2618.
[59]

LaTeX Warning: File `bookdown_AM_files/figure-latex/fa-icon-ead87092f1ee45c6836
0e07f2a5b1042.pdf' not found on input line 2635.


! Package pdftex.def Error: File `bookdown_AM_files/figure-latex/fa-icon-ead870
92f1ee45c68360e07f2a5b1042.pdf' not found: using draft setting.

See the pdftex.def package documentation for explanation.
Type  H <return>  for immediate help.
 ...                                              
                                                  
l.2635 ...042.pdf} ~\textcolor{excolor}{Ejemplo.}}
                                                   En \citet{mkb79}, página...

Try typing  <return>  to proceed.
If that doesn't work, type  X <return>  to quit.


Package natbib Warning: Citation `mkb79' on page 60 undefined on input line 263
5.

LaTeX Info: Redefining \. on input line 2656.
LaTeX Info: Redefining \% on input line 2656.
[60]
LaTeX Info: Redefining \. on input line 2737.
LaTeX Info: Redefining \% on input line 2737.
 [61]
LaTeX Info: Redefining \. on input line 2762.
LaTeX Info: Redefining \% on input line 2762.
 [62]
LaTeX Info: Redefining \. on input line 2798.
LaTeX Info: Redefining \% on input line 2798.
 [63]

LaTeX Warning: File `bookdown_AM_files/figure-latex/fa-icon-ead87092f1ee45c6836
0e07f2a5b1042.pdf' not found on input line 2811.


! Package pdftex.def Error: File `bookdown_AM_files/figure-latex/fa-icon-ead870
92f1ee45c68360e07f2a5b1042.pdf' not found: using draft setting.

See the pdftex.def package documentation for explanation.
Type  H <return>  for immediate help.
 ...                                              
                                                  
l.2811 ...042.pdf} ~\textcolor{excolor}{Ejemplo.}}
                                                   Recordemos el ejemplo sob...

Try typing  <return>  to proceed.
If that doesn't work, type  X <return>  to quit.

LaTeX Info: Redefining \. on input line 2847.
LaTeX Info: Redefining \% on input line 2847.
[64]
LaTeX Info: Redefining \. on input line 2908.
LaTeX Info: Redefining \% on input line 2908.
 [65]
LaTeX Info: Redefining \. on input line 2946.
LaTeX Info: Redefining \% on input line 2946.
 [66]
LaTeX Info: Redefining \. on input line 2972.
LaTeX Info: Redefining \% on input line 2972.
 [67]

LaTeX Warning: File `bookdown_AM_files/figure-latex/fa-icon-ead87092f1ee45c6836
0e07f2a5b1042.pdf' not found on input line 2983.


! Package pdftex.def Error: File `bookdown_AM_files/figure-latex/fa-icon-ead870
92f1ee45c68360e07f2a5b1042.pdf' not found: using draft setting.

See the pdftex.def package documentation for explanation.
Type  H <return>  for immediate help.
 ...                                              
                                                  
l.2983 ...042.pdf} ~\textcolor{excolor}{Ejemplo.}}
                                                   Vamos a contrastar la esf...

Try typing  <return>  to proceed.
If that doesn't work, type  X <return>  to quit.

LaTeX Info: Redefining \. on input line 3030.
LaTeX Info: Redefining \% on input line 3030.
[68]
LaTeX Info: Redefining \. on input line 3106.
LaTeX Info: Redefining \% on input line 3106.
 [69]
LaTeX Info: Redefining \. on input line 3171.
LaTeX Info: Redefining \% on input line 3171.
 [70]
LaTeX Info: Redefining \. on input line 3216.
LaTeX Info: Redefining \% on input line 3216.
 [71]

LaTeX Warning: Reference `anexoDist' on page 72 undefined on input line 3245.

LaTeX Info: Redefining \. on input line 3251.
LaTeX Info: Redefining \% on input line 3251.
[72]

LaTeX Warning: File `bookdown_AM_files/figure-latex/fa-icon-ead87092f1ee45c6836
0e07f2a5b1042.pdf' not found on input line 3252.


! Package pdftex.def Error: File `bookdown_AM_files/figure-latex/fa-icon-ead870
92f1ee45c68360e07f2a5b1042.pdf' not found: using draft setting.

See the pdftex.def package documentation for explanation.
Type  H <return>  for immediate help.
 ...                                              
                                                  
l.3252 ...042.pdf} ~\textcolor{excolor}{Ejemplo.}}
                                                   En el primer capítulo ha...

Try typing  <return>  to proceed.
If that doesn't work, type  X <return>  to quit.

LaTeX Info: Redefining \. on input line 3299.
LaTeX Info: Redefining \% on input line 3299.
[73]

LaTeX Warning: Reference `anexoDist' on page 74 undefined on input line 3339.

LaTeX Info: Redefining \. on input line 3367.
LaTeX Info: Redefining \% on input line 3367.
[74]
Overfull \hbox (10.3247pt too wide) detected at line 3401
\OML/zplm/m/it/12 ^^U\OT1/zplm/m/n/12 (\OML/lmm/b/it/12 x\OT1/zplm/m/n/12 )[] =
 [] [] \OT1/pplx/m/n/12 1 \OMS/zplm/m/n/12 ^^@ \OML/lmm/b/it/12 [][]R[] \OT1/
zplm/m/n/12 = \OT1/pplx/m/n/12 1 \OMS/zplm/m/n/12 ^^@ \OML/lmm/b/it/12 R[]R[]R[
] \OT1/zplm/m/n/12 = \OT1/pplx/m/n/12 1 \OMS/zplm/m/n/12 ^^@ \OML/zplm/m/it/12 
R[] \OMS/zplm/m/n/12 2 \OT1/zplm/m/n/12 ^^C []
 []

LaTeX Info: Redefining \. on input line 3408.
LaTeX Info: Redefining \% on input line 3408.
[75]
LaTeX Info: Redefining \. on input line 3445.
LaTeX Info: Redefining \% on input line 3445.
 [76]

LaTeX Warning: File `bookdown_AM_files/figure-latex/fa-icon-ead87092f1ee45c6836
0e07f2a5b1042.pdf' not found on input line 3453.


! Package pdftex.def Error: File `bookdown_AM_files/figure-latex/fa-icon-ead870
92f1ee45c68360e07f2a5b1042.pdf' not found: using draft setting.

See the pdftex.def package documentation for explanation.
Type  H <return>  for immediate help.
 ...                                              
                                                  
l.3453 ...042.pdf} ~\textcolor{excolor}{Ejemplo.}}
                                                   Para ilustrar los contras...

Try typing  <return>  to proceed.
If that doesn't work, type  X <return>  to quit.

LaTeX Info: Redefining \. on input line 3490.
LaTeX Info: Redefining \% on input line 3490.
[77]
LaTeX Info: Redefining \. on input line 3542.
LaTeX Info: Redefining \% on input line 3542.
 [78]
LaTeX Info: Redefining \. on input line 3564.
LaTeX Info: Redefining \% on input line 3564.
 [79]
LaTeX Info: Redefining \. on input line 3600.
LaTeX Info: Redefining \% on input line 3600.
 [80]
LaTeX Info: Redefining \. on input line 3637.
LaTeX Info: Redefining \% on input line 3637.
 [81]

LaTeX Warning: File `bookdown_AM_files/figure-latex/fa-icon-ead87092f1ee45c6836
0e07f2a5b1042.pdf' not found on input line 3640.


! Package pdftex.def Error: File `bookdown_AM_files/figure-latex/fa-icon-ead870
92f1ee45c68360e07f2a5b1042.pdf' not found: using draft setting.

See the pdftex.def package documentation for explanation.
Type  H <return>  for immediate help.
 ...                                              
                                                  
l.3640 ...042.pdf} ~\textcolor{excolor}{Ejemplo.}}
                                                   Se ha medido la longitud,...

Try typing  <return>  to proceed.
If that doesn't work, type  X <return>  to quit.

LaTeX Info: Redefining \. on input line 3678.
LaTeX Info: Redefining \% on input line 3678.
[82]
LaTeX Info: Redefining \. on input line 3740.
LaTeX Info: Redefining \% on input line 3740.
 [83]
LaTeX Info: Redefining \. on input line 3779.
LaTeX Info: Redefining \% on input line 3779.
 [84]

LaTeX Warning: File `bookdown_AM_files/figure-latex/fa-icon-ead87092f1ee45c6836
0e07f2a5b1042.pdf' not found on input line 3791.


! Package pdftex.def Error: File `bookdown_AM_files/figure-latex/fa-icon-ead870
92f1ee45c68360e07f2a5b1042.pdf' not found: using draft setting.

See the pdftex.def package documentation for explanation.
Type  H <return>  for immediate help.
 ...                                              
                                                  
l.3791 ...042.pdf} ~\textcolor{excolor}{Ejemplo.}}
                                                   Para el ejemplo anterior ...

Try typing  <return>  to proceed.
If that doesn't work, type  X <return>  to quit.

LaTeX Info: Redefining \. on input line 3842.
LaTeX Info: Redefining \% on input line 3842.
[85]

LaTeX Warning: Reference `fig:qq' on page 86 undefined on input line 3852.


LaTeX Warning: Reference `fig:qq' on page 86 undefined on input line 3862.

LaTeX Info: Redefining \. on input line 3871.
LaTeX Info: Redefining \% on input line 3871.
[86]

! LaTeX Error: File `bookdown_AM_files/figure-latex/qq-1' not found.

See the LaTeX manual or LaTeX Companion for explanation.
Type  H <return>  for immediate help.
 ...                                              
                                                  
l.3874 ...]{bookdown_AM_files/figure-latex/qq-1} }
                                                   \resizebox{.4\linewidth}{...

I could not locate the file with any of these extensions:
.pdf,.png,.jpg,.mps,.jpeg,.jbig2,.jb2,.PDF,.PNG,.JPG,.JPEG,.JBIG2,.JB2,.eps
Try typing  <return>  to proceed.
If that doesn't work, type  X <return>  to quit.


! LaTeX Error: File `bookdown_AM_files/figure-latex/qq-2' not found.

See the LaTeX manual or LaTeX Companion for explanation.
Type  H <return>  for immediate help.
 ...                                              
                                                  
l.3874 ...]{bookdown_AM_files/figure-latex/qq-2} }
                                                  
I could not locate the file with any of these extensions:
.pdf,.png,.jpg,.mps,.jpeg,.jbig2,.jb2,.PDF,.PNG,.JPG,.JPEG,.JBIG2,.JB2,.eps
Try typing  <return>  to proceed.
If that doesn't work, type  X <return>  to quit.


LaTeX Warning: Reference `fig:asim2' on page 87 undefined on input line 3901.


! LaTeX Error: File `bookdown_AM_files/figure-latex/asim2-1' not found.

See the LaTeX manual or LaTeX Companion for explanation.
Type  H <return>  for immediate help.
 ...                                              
                                                  
l.3908 ...ookdown_AM_files/figure-latex/asim2-1} }
                                                   \resizebox{.28\linewidth}...

I could not locate the file with any of these extensions:
.pdf,.png,.jpg,.mps,.jpeg,.jbig2,.jb2,.PDF,.PNG,.JPG,.JPEG,.JBIG2,.JB2,.eps
Try typing  <return>  to proceed.
If that doesn't work, type  X <return>  to quit.


! LaTeX Error: File `bookdown_AM_files/figure-latex/asim2-2' not found.

See the LaTeX manual or LaTeX Companion for explanation.
Type  H <return>  for immediate help.
 ...                                              
                                                  
l.3908 ...ookdown_AM_files/figure-latex/asim2-2} }
                                                   \resizebox{.28\linewidth}...

I could not locate the file with any of these extensions:
.pdf,.png,.jpg,.mps,.jpeg,.jbig2,.jb2,.PDF,.PNG,.JPG,.JPEG,.JBIG2,.JB2,.eps
Try typing  <return>  to proceed.
If that doesn't work, type  X <return>  to quit.


! LaTeX Error: File `bookdown_AM_files/figure-latex/asim2-3' not found.

See the LaTeX manual or LaTeX Companion for explanation.
Type  H <return>  for immediate help.
 ...                                              
                                                  
l.3908 ...ookdown_AM_files/figure-latex/asim2-3} }
                                                  
I could not locate the file with any of these extensions:
.pdf,.png,.jpg,.mps,.jpeg,.jbig2,.jb2,.PDF,.PNG,.JPG,.JPEG,.JBIG2,.JB2,.eps
Try typing  <return>  to proceed.
If that doesn't work, type  X <return>  to quit.

LaTeX Info: Redefining \. on input line 3919.
LaTeX Info: Redefining \% on input line 3919.
[87]

LaTeX Warning: File `bookdown_AM_files/figure-latex/fa-icon-ead87092f1ee45c6836
0e07f2a5b1042.pdf' not found on input line 3926.


! Package pdftex.def Error: File `bookdown_AM_files/figure-latex/fa-icon-ead870
92f1ee45c68360e07f2a5b1042.pdf' not found: using draft setting.

See the pdftex.def package documentation for explanation.
Type  H <return>  for immediate help.
 ...                                              
                                                  
l.3926 ...042.pdf} ~\textcolor{excolor}{Ejemplo.}}
                                                   Vamos a presentar los res...

Try typing  <return>  to proceed.
If that doesn't work, type  X <return>  to quit.

LaTeX Info: Redefining \. on input line 3959.
LaTeX Info: Redefining \% on input line 3959.
[88]
LaTeX Info: Redefining \. on input line 4013.
LaTeX Info: Redefining \% on input line 4013.
 [89]

LaTeX Warning: Reference `fig:qq' on page 90 undefined on input line 4018.


LaTeX Warning: Reference `fig:qq' on page 90 undefined on input line 4035.

LaTeX Info: Redefining \. on input line 4054.
LaTeX Info: Redefining \% on input line 4054.
[90]

LaTeX Warning: File `bookdown_AM_files/figure-latex/fa-icon-ead87092f1ee45c6836
0e07f2a5b1042.pdf' not found on input line 4066.


! Package pdftex.def Error: File `bookdown_AM_files/figure-latex/fa-icon-ead870
92f1ee45c68360e07f2a5b1042.pdf' not found: using draft setting.

See the pdftex.def package documentation for explanation.
Type  H <return>  for immediate help.
 ...                                              
                                                  
l.4066 ...042.pdf} ~\textcolor{excolor}{Ejemplo.}}
                                                   Vamos a extraer muestras ...

Try typing  <return>  to proceed.
If that doesn't work, type  X <return>  to quit.


LaTeX Warning: Hyper reference `fig:qq' on page 91 undefined on input line 4068
.

LaTeX Info: Redefining \. on input line 4099.
LaTeX Info: Redefining \% on input line 4099.
[91]
LaTeX Info: Redefining \. on input line 4174.
LaTeX Info: Redefining \% on input line 4174.
 [92]

LaTeX Warning: File `bookdown_AM_files/figure-latex/fa-icon-ead87092f1ee45c6836
0e07f2a5b1042.pdf' not found on input line 4200.


! Package pdftex.def Error: File `bookdown_AM_files/figure-latex/fa-icon-ead870
92f1ee45c68360e07f2a5b1042.pdf' not found: using draft setting.

See the pdftex.def package documentation for explanation.
Type  H <return>  for immediate help.
 ...                                              
                                                  
l.4200 ...042.pdf} ~\textcolor{excolor}{Ejemplo.}}
                                                   Vamos a extraer muestras ...

Try typing  <return>  to proceed.
If that doesn't work, type  X <return>  to quit.


LaTeX Warning: Reference `fig:qq' on page 93 undefined on input line 4202.

LaTeX Info: Redefining \. on input line 4207.
LaTeX Info: Redefining \% on input line 4207.
[93]
LaTeX Info: Redefining \. on input line 4274.
LaTeX Info: Redefining \% on input line 4274.
 [94]
LaTeX Info: Redefining \. on input line 4305.
LaTeX Info: Redefining \% on input line 4305.
 [95]

LaTeX Warning: Reference `fig:Tema3Figura5' on page 96 undefined on input line 
4319.


! LaTeX Error: File `bookdown_AM_files/figure-latex/Tema3Figura5-1' not found.

See the LaTeX manual or LaTeX Companion for explanation.
Type  H <return>  for immediate help.
 ...                                              
                                                  
l.4338 ..._AM_files/figure-latex/Tema3Figura5-1} }
                                                  
I could not locate the file with any of these extensions:
.pdf,.png,.jpg,.mps,.jpeg,.jbig2,.jb2,.PDF,.PNG,.JPG,.JPEG,.JBIG2,.JB2,.eps
Try typing  <return>  to proceed.
If that doesn't work, type  X <return>  to quit.


Package natbib Warning: Citation `mardia70' on page 96 undefined on input line 
4348.

LaTeX Info: Redefining \. on input line 4350.
LaTeX Info: Redefining \% on input line 4350.
[96]

LaTeX Warning: Reference `fig:Tema3Figura5' on page 97 undefined on input line 
4356.

LaTeX Info: Redefining \. on input line 4380.
LaTeX Info: Redefining \% on input line 4380.
[97]

LaTeX Warning: Reference `fig:asim' on page 98 undefined on input line 4381.


! LaTeX Error: File `bookdown_AM_files/figure-latex/asim-1' not found.

See the LaTeX manual or LaTeX Companion for explanation.
Type  H <return>  for immediate help.
 ...                                              
                                                  
l.4410 ...bookdown_AM_files/figure-latex/asim-1} }
                                                   \resizebox{.28\linewidth}...

I could not locate the file with any of these extensions:
.pdf,.png,.jpg,.mps,.jpeg,.jbig2,.jb2,.PDF,.PNG,.JPG,.JPEG,.JBIG2,.JB2,.eps
Try typing  <return>  to proceed.
If that doesn't work, type  X <return>  to quit.


! LaTeX Error: File `bookdown_AM_files/figure-latex/asim-2' not found.

See the LaTeX manual or LaTeX Companion for explanation.
Type  H <return>  for immediate help.
 ...                                              
                                                  
l.4410 ...bookdown_AM_files/figure-latex/asim-2} }
                                                   \resizebox{.28\linewidth}...

I could not locate the file with any of these extensions:
.pdf,.png,.jpg,.mps,.jpeg,.jbig2,.jb2,.PDF,.PNG,.JPG,.JPEG,.JBIG2,.JB2,.eps
Try typing  <return>  to proceed.
If that doesn't work, type  X <return>  to quit.


! LaTeX Error: File `bookdown_AM_files/figure-latex/asim-3' not found.

See the LaTeX manual or LaTeX Companion for explanation.
Type  H <return>  for immediate help.
 ...                                              
                                                  
l.4410 ...bookdown_AM_files/figure-latex/asim-3} }
                                                   \resizebox{.28\linewidth}...

I could not locate the file with any of these extensions:
.pdf,.png,.jpg,.mps,.jpeg,.jbig2,.jb2,.PDF,.PNG,.JPG,.JPEG,.JBIG2,.JB2,.eps
Try typing  <return>  to proceed.
If that doesn't work, type  X <return>  to quit.


! LaTeX Error: File `bookdown_AM_files/figure-latex/asim-4' not found.

See the LaTeX manual or LaTeX Companion for explanation.
Type  H <return>  for immediate help.
 ...                                              
                                                  
l.4410 ...bookdown_AM_files/figure-latex/asim-4} }
                                                   \resizebox{.28\linewidth}...

I could not locate the file with any of these extensions:
.pdf,.png,.jpg,.mps,.jpeg,.jbig2,.jb2,.PDF,.PNG,.JPG,.JPEG,.JBIG2,.JB2,.eps
Try typing  <return>  to proceed.
If that doesn't work, type  X <return>  to quit.


! LaTeX Error: File `bookdown_AM_files/figure-latex/asim-5' not found.

See the LaTeX manual or LaTeX Companion for explanation.
Type  H <return>  for immediate help.
 ...                                              
                                                  
l.4410 ...bookdown_AM_files/figure-latex/asim-5} }
                                                  
I could not locate the file with any of these extensions:
.pdf,.png,.jpg,.mps,.jpeg,.jbig2,.jb2,.PDF,.PNG,.JPG,.JPEG,.JBIG2,.JB2,.eps
Try typing  <return>  to proceed.
If that doesn't work, type  X <return>  to quit.


Package natbib Warning: Citation `mardia70' on page 98 undefined on input line 
4419.

LaTeX Info: Redefining \. on input line 4420.
LaTeX Info: Redefining \% on input line 4420.
[98]

LaTeX Warning: Hyper reference `fig:asim' on page 99 undefined on input line 44
34.


LaTeX Warning: Reference `fig:asim' on page 99 undefined on input line 4444.

LaTeX Info: Redefining \. on input line 4450.
LaTeX Info: Redefining \% on input line 4450.
[99]
LaTeX Info: Redefining \. on input line 4482.
LaTeX Info: Redefining \% on input line 4482.
 [100]
LaTeX Info: Redefining \. on input line 4483.
LaTeX Info: Redefining \% on input line 4483.
 [101]
chapter 3.
[102


]

LaTeX Warning: File `bookdown_AM_files/figure-latex/fa-icon-ead87092f1ee45c6836
0e07f2a5b1042.pdf' not found on input line 4514.


! Package pdftex.def Error: File `bookdown_AM_files/figure-latex/fa-icon-ead870
92f1ee45c68360e07f2a5b1042.pdf' not found: using draft setting.

See the pdftex.def package documentation for explanation.
Type  H <return>  for immediate help.
 ...                                              
                                                  
l.4514 ...042.pdf} ~\textcolor{excolor}{Ejemplo.}}
                                                   En el trabajo clásico de...

Try typing  <return>  to proceed.
If that doesn't work, type  X <return>  to quit.


Package natbib Warning: Citation `andrews1985collection' on page 103 undefined 
on input line 4514.


LaTeX Warning: Reference `fig:boxm' on page 103 undefined on input line 4551.


! LaTeX Error: File `bookdown_AM_files/figure-latex/boxm-1' not found.

See the LaTeX manual or LaTeX Companion for explanation.
Type  H <return>  for immediate help.
 ...                                              
                                                  
l.4555 ...bookdown_AM_files/figure-latex/boxm-1} }
                                                  
I could not locate the file with any of these extensions:
.pdf,.png,.jpg,.mps,.jpeg,.jbig2,.jb2,.PDF,.PNG,.JPG,.JPEG,.JBIG2,.JB2,.eps
Try typing  <return>  to proceed.
If that doesn't work, type  X <return>  to quit.

LaTeX Info: Redefining \. on input line 4565.
LaTeX Info: Redefining \% on input line 4565.
[103]
LaTeX Info: Redefining \. on input line 4614.
LaTeX Info: Redefining \% on input line 4614.
 [104]

LaTeX Warning: File `bookdown_AM_files/figure-latex/fa-icon-ead87092f1ee45c6836
0e07f2a5b1042.pdf' not found on input line 4635.


! Package pdftex.def Error: File `bookdown_AM_files/figure-latex/fa-icon-ead870
92f1ee45c68360e07f2a5b1042.pdf' not found: using draft setting.

See the pdftex.def package documentation for explanation.
Type  H <return>  for immediate help.
 ...                                              
                                                  
l.4635 ...042.pdf} ~\textcolor{excolor}{Ejemplo.}}
                                                   Volvemos sobre el ejemplo...

Try typing  <return>  to proceed.
If that doesn't work, type  X <return>  to quit.

LaTeX Info: Redefining \. on input line 4654.
LaTeX Info: Redefining \% on input line 4654.
[105]

LaTeX Warning: File `bookdown_AM_files/figure-latex/fa-icon-ead87092f1ee45c6836
0e07f2a5b1042.pdf' not found on input line 4667.


! Package pdftex.def Error: File `bookdown_AM_files/figure-latex/fa-icon-ead870
92f1ee45c68360e07f2a5b1042.pdf' not found: using draft setting.

See the pdftex.def package documentation for explanation.
Type  H <return>  for immediate help.
 ...                                              
                                                  
l.4667 ...042.pdf} ~\textcolor{excolor}{Ejemplo.}}
                                                   En el trabajo clásico de...

Try typing  <return>  to proceed.
If that doesn't work, type  X <return>  to quit.


Package natbib Warning: Citation `andrews1985collection' on page 106 undefined 
on input line 4667.

LaTeX Info: Redefining \. on input line 4703.
LaTeX Info: Redefining \% on input line 4703.
[106]
LaTeX Info: Redefining \. on input line 4734.
LaTeX Info: Redefining \% on input line 4734.
 [107]
LaTeX Info: Redefining \. on input line 4765.
LaTeX Info: Redefining \% on input line 4765.
 [108]
Overfull \hbox (0.75461pt too wide) in paragraph at lines 4787--4787
 []|$[]$| 
 []


Overfull \hbox (14.95168pt too wide) in paragraph at lines 4788--4788
 []|$[]$| 
 []

LaTeX Info: Redefining \. on input line 4814.
LaTeX Info: Redefining \% on input line 4814.
[109]

LaTeX Warning: Reference `anexoDist' on page 110 undefined on input line 4816.


LaTeX Warning: File `bookdown_AM_files/figure-latex/fa-icon-ead87092f1ee45c6836
0e07f2a5b1042.pdf' not found on input line 4825.


! Package pdftex.def Error: File `bookdown_AM_files/figure-latex/fa-icon-ead870
92f1ee45c68360e07f2a5b1042.pdf' not found: using draft setting.

See the pdftex.def package documentation for explanation.
Type  H <return>  for immediate help.
 ...                                              
                                                  
l.4825 ...042.pdf} ~\textcolor{excolor}{Ejemplo.}}
                                                   Volvemos al ejemplo sobre...

Try typing  <return>  to proceed.
If that doesn't work, type  X <return>  to quit.

LaTeX Info: Redefining \. on input line 4878.
LaTeX Info: Redefining \% on input line 4878.
[110]
LaTeX Font Info:    Trying to load font information for TS1+lmtt on input line 
4894.
 (C:\Users\beatriz\AppData\Local\Programs\MiKTeX\tex/latex/lm\ts1lmtt.fd
File: ts1lmtt.fd 2015/05/01 v1.6.1 Font defs for Latin Modern
)
LaTeX Info: Redefining \. on input line 4949.
LaTeX Info: Redefining \% on input line 4949.

[111]

LaTeX Warning: File `bookdown_AM_files/figure-latex/fa-icon-ead87092f1ee45c6836
0e07f2a5b1042.pdf' not found on input line 4979.


! Package pdftex.def Error: File `bookdown_AM_files/figure-latex/fa-icon-ead870
92f1ee45c68360e07f2a5b1042.pdf' not found: using draft setting.

See the pdftex.def package documentation for explanation.
Type  H <return>  for immediate help.
 ...                                              
                                                  
l.4979 ...042.pdf} ~\textcolor{excolor}{Ejemplo.}}
                                                   Calculamos, para el ejemp...

Try typing  <return>  to proceed.
If that doesn't work, type  X <return>  to quit.

LaTeX Info: Redefining \. on input line 4993.
LaTeX Info: Redefining \% on input line 4993.
[112]

LaTeX Warning: File `bookdown_AM_files/figure-latex/fa-icon-ead87092f1ee45c6836
0e07f2a5b1042.pdf' not found on input line 5034.


! Package pdftex.def Error: File `bookdown_AM_files/figure-latex/fa-icon-ead870
92f1ee45c68360e07f2a5b1042.pdf' not found: using draft setting.

See the pdftex.def package documentation for explanation.
Type  H <return>  for immediate help.
 ...                                              
                                                  
l.5034 ...042.pdf} ~\textcolor{excolor}{Ejemplo.}}
                                                   Calculamos, para el ejemp...

Try typing  <return>  to proceed.
If that doesn't work, type  X <return>  to quit.

LaTeX Info: Redefining \. on input line 5040.
LaTeX Info: Redefining \% on input line 5040.
[113]
LaTeX Info: Redefining \. on input line 5103.
LaTeX Info: Redefining \% on input line 5103.
 [114]
Overfull \hbox (25.10512pt too wide) in paragraph at lines 5127--5127
 []|$[]$| 
 []


Overfull \hbox (35.67406pt too wide) in paragraph at lines 5128--5128
 []|$[]$| 
 []


Overfull \hbox (49.64043pt too wide) in paragraph at lines 5129--5129
 []|$[]$| 
 []


Overfull \hbox (51.56573pt too wide) in paragraph at lines 5131--5131
 []|$[]$| 
 []


Overfull \hbox (26.74196pt too wide) in paragraph at lines 5132--5132
 []|$[]$| 
 []


LaTeX Warning: File `bookdown_AM_files/figure-latex/fa-icon-ead87092f1ee45c6836
0e07f2a5b1042.pdf' not found on input line 5146.


! Package pdftex.def Error: File `bookdown_AM_files/figure-latex/fa-icon-ead870
92f1ee45c68360e07f2a5b1042.pdf' not found: using draft setting.

See the pdftex.def package documentation for explanation.
Type  H <return>  for immediate help.
 ...                                              
                                                  
l.5146 ...042.pdf} ~\textcolor{excolor}{Ejemplo.}}
                                                   En una especie de césped...

Try typing  <return>  to proceed.
If that doesn't work, type  X <return>  to quit.

LaTeX Info: Redefining \. on input line 5151.
LaTeX Info: Redefining \% on input line 5151.
[115]
LaTeX Info: Redefining \. on input line 5206.
LaTeX Info: Redefining \% on input line 5206.
 [116]
LaTeX Info: Redefining \. on input line 5273.
LaTeX Info: Redefining \% on input line 5273.
 [117]
LaTeX Info: Redefining \. on input line 5353.
LaTeX Info: Redefining \% on input line 5353.
 [118]
LaTeX Info: Redefining \. on input line 5394.
LaTeX Info: Redefining \% on input line 5394.
 [119]
chapter 4.
[120


]
LaTeX Info: Redefining \. on input line 5459.
LaTeX Info: Redefining \% on input line 5459.
 [121]
LaTeX Info: Redefining \. on input line 5490.
LaTeX Info: Redefining \% on input line 5490.
 [122]
LaTeX Info: Redefining \. on input line 5526.
LaTeX Info: Redefining \% on input line 5526.
 [123]
LaTeX Info: Redefining \. on input line 5566.
LaTeX Info: Redefining \% on input line 5566.
 [124]

LaTeX Warning: Reference `eq:lagrange' on page 125 undefined on input line 5575
.

LaTeX Info: Redefining \. on input line 5604.
LaTeX Info: Redefining \% on input line 5604.
[125]
LaTeX Info: Redefining \. on input line 5635.
LaTeX Info: Redefining \% on input line 5635.
 [126]

LaTeX Warning: File `bookdown_AM_files/figure-latex/fa-icon-ead87092f1ee45c6836
0e07f2a5b1042.pdf' not found on input line 5640.


! Package pdftex.def Error: File `bookdown_AM_files/figure-latex/fa-icon-ead870
92f1ee45c68360e07f2a5b1042.pdf' not found: using draft setting.

See the pdftex.def package documentation for explanation.
Type  H <return>  for immediate help.
 ...                                              
                                                  
l.5640 ...042.pdf} ~\textcolor{excolor}{Ejemplo.}}
                                                   Se ha examinado a 25 alum...

Try typing  <return>  to proceed.
If that doesn't work, type  X <return>  to quit.

LaTeX Info: Redefining \. on input line 5683.
LaTeX Info: Redefining \% on input line 5683.
[127]

LaTeX Warning: Reference `fig:sed' on page 128 undefined on input line 5732.


! LaTeX Error: File `bookdown_AM_files/figure-latex/sed-1' not found.

See the LaTeX manual or LaTeX Companion for explanation.
Type  H <return>  for immediate help.
 ...                                              
                                                  
l.5745 ...{bookdown_AM_files/figure-latex/sed-1} }
                                                   \resizebox{.4\linewidth}{...

I could not locate the file with any of these extensions:
.pdf,.png,.jpg,.mps,.jpeg,.jbig2,.jb2,.PDF,.PNG,.JPG,.JPEG,.JBIG2,.JB2,.eps
Try typing  <return>  to proceed.
If that doesn't work, type  X <return>  to quit.


! LaTeX Error: File `bookdown_AM_files/figure-latex/sed-2' not found.

See the LaTeX manual or LaTeX Companion for explanation.
Type  H <return>  for immediate help.
 ...                                              
                                                  
l.5745 ...{bookdown_AM_files/figure-latex/sed-2} }
                                                  
I could not locate the file with any of these extensions:
.pdf,.png,.jpg,.mps,.jpeg,.jbig2,.jb2,.PDF,.PNG,.JPG,.JPEG,.JBIG2,.JB2,.eps
Try typing  <return>  to proceed.
If that doesn't work, type  X <return>  to quit.


LaTeX Warning: Reference `fig:scores' on page 128 undefined on input line 5754.


LaTeX Info: Redefining \. on input line 5758.
LaTeX Info: Redefining \% on input line 5758.
[128]

! LaTeX Error: File `bookdown_AM_files/figure-latex/scores-1' not found.

See the LaTeX manual or LaTeX Companion for explanation.
Type  H <return>  for immediate help.
 ...                                              
                                                  
l.5801 ...okdown_AM_files/figure-latex/scores-1} }
                                                  
I could not locate the file with any of these extensions:
.pdf,.png,.jpg,.mps,.jpeg,.jbig2,.jb2,.PDF,.PNG,.JPG,.JPEG,.JBIG2,.JB2,.eps
Try typing  <return>  to proceed.
If that doesn't work, type  X <return>  to quit.


Package natbib Warning: Citation `gabriel71' on page 129 undefined on input lin
e 5809.

LaTeX Info: Redefining \. on input line 5821.
LaTeX Info: Redefining \% on input line 5821.
[129]

LaTeX Warning: Reference `fig:bip' on page 130 undefined on input line 5822.


! LaTeX Error: File `bookdown_AM_files/figure-latex/bip-1' not found.

See the LaTeX manual or LaTeX Companion for explanation.
Type  H <return>  for immediate help.
 ...                                              
                                                  
l.5834 ...{bookdown_AM_files/figure-latex/bip-1} }
                                                  
I could not locate the file with any of these extensions:
.pdf,.png,.jpg,.mps,.jpeg,.jbig2,.jb2,.PDF,.PNG,.JPG,.JPEG,.JBIG2,.JB2,.eps
Try typing  <return>  to proceed.
If that doesn't work, type  X <return>  to quit.

LaTeX Info: Redefining \. on input line 5875.
LaTeX Info: Redefining \% on input line 5875.
[130]
LaTeX Info: Redefining \. on input line 5906.
LaTeX Info: Redefining \% on input line 5906.
 [131]
LaTeX Font Info:    Trying to load font information for TS1+lmss on input line 
5915.

(C:\Users\beatriz\AppData\Local\Programs\MiKTeX\tex/latex/lm\ts1lmss.fd
File: ts1lmss.fd 2015/05/01 v1.6.1 Font defs for Latin Modern
)

LaTeX Warning: File `bookdown_AM_files/figure-latex/fa-icon-ead87092f1ee45c6836
0e07f2a5b1042.pdf' not found on input line 5925.


! Package pdftex.def Error: File `bookdown_AM_files/figure-latex/fa-icon-ead870
92f1ee45c68360e07f2a5b1042.pdf' not found: using draft setting.

See the pdftex.def package documentation for explanation.
Type  H <return>  for immediate help.
 ...                                              
                                                  
l.5925 ...042.pdf} ~\textcolor{excolor}{Ejemplo.}}
                                                   Se ha obtenido la muestra...

Try typing  <return>  to proceed.
If that doesn't work, type  X <return>  to quit.


LaTeX Warning: Reference `fig:reg' on page 132 undefined on input line 5927.


! LaTeX Error: File `bookdown_AM_files/figure-latex/reg-1' not found.

See the LaTeX manual or LaTeX Companion for explanation.
Type  H <return>  for immediate help.
 ...                                              
                                                  
l.5932 ...{bookdown_AM_files/figure-latex/reg-1} }
                                                  
I could not locate the file with any of these extensions:
.pdf,.png,.jpg,.mps,.jpeg,.jbig2,.jb2,.PDF,.PNG,.JPG,.JPEG,.JBIG2,.JB2,.eps
Try typing  <return>  to proceed.
If that doesn't work, type  X <return>  to quit.

LaTeX Info: Redefining \. on input line 5944.
LaTeX Info: Redefining \% on input line 5944.
[132]
LaTeX Info: Redefining \. on input line 5975.
LaTeX Info: Redefining \% on input line 5975.
 [133]
LaTeX Info: Redefining \. on input line 5999.
LaTeX Info: Redefining \% on input line 5999.
 [134]
LaTeX Info: Redefining \. on input line 6045.
LaTeX Info: Redefining \% on input line 6045.
 [135]
LaTeX Info: Redefining \. on input line 6075.
LaTeX Info: Redefining \% on input line 6075.
 [136]
LaTeX Info: Redefining \. on input line 6102.
LaTeX Info: Redefining \% on input line 6102.
 [137]
chapter 5.

LaTeX Warning: File `bookdown_AM_files/figure-latex/fa-icon-ead87092f1ee45c6836
0e07f2a5b1042.pdf' not found on input line 6108.


! Package pdftex.def Error: File `bookdown_AM_files/figure-latex/fa-icon-ead870
92f1ee45c68360e07f2a5b1042.pdf' not found: using draft setting.

See the pdftex.def package documentation for explanation.
Type  H <return>  for immediate help.
 ...                                              
                                                  
l.6108 ...042.pdf} ~\textcolor{excolor}{Ejemplo.}}
                                                   \emph{Encuesta de Poblaci...

Try typing  <return>  to proceed.
If that doesn't work, type  X <return>  to quit.

[138


]
LaTeX Info: Redefining \. on input line 6188.
LaTeX Info: Redefining \% on input line 6188.
 [139]
LaTeX Info: Redefining \. on input line 6217.
LaTeX Info: Redefining \% on input line 6217.
 [140]
LaTeX Info: Redefining \. on input line 6261.
LaTeX Info: Redefining \% on input line 6261.
 [141]
LaTeX Info: Redefining \. on input line 6303.
LaTeX Info: Redefining \% on input line 6303.
 [142]
LaTeX Info: Redefining \. on input line 6338.
LaTeX Info: Redefining \% on input line 6338.
 [143]
LaTeX Info: Redefining \. on input line 6370.
LaTeX Info: Redefining \% on input line 6370.
 [144]
LaTeX Info: Redefining \. on input line 6412.
LaTeX Info: Redefining \% on input line 6412.
 [145]
LaTeX Info: Redefining \. on input line 6452.
LaTeX Info: Redefining \% on input line 6452.
 [146]
LaTeX Info: Redefining \. on input line 6489.
LaTeX Info: Redefining \% on input line 6489.
 [147]
LaTeX Info: Redefining \. on input line 6526.
LaTeX Info: Redefining \% on input line 6526.
 [148]
LaTeX Info: Redefining \. on input line 6564.
LaTeX Info: Redefining \% on input line 6564.
 [149]
Overfull \hbox (1.96176pt too wide) in paragraph at lines 6570--6573
[]\T1/pplx/m/n/12 (-20) Las coor-de-na-das tie-nen me-dia pon-de-ra-da ce-ro. $
[] \OT1/pplx/m/n/12 (-20) .$ 
 []

LaTeX Info: Redefining \. on input line 6595.
LaTeX Info: Redefining \% on input line 6595.
[150]
LaTeX Info: Redefining \. on input line 6633.
LaTeX Info: Redefining \% on input line 6633.
 [151]
LaTeX Info: Redefining \. on input line 6669.
LaTeX Info: Redefining \% on input line 6669.
 [152]

LaTeX Warning: File `bookdown_AM_files/figure-latex/fa-icon-ead87092f1ee45c6836
0e07f2a5b1042.pdf' not found on input line 6695.


! Package pdftex.def Error: File `bookdown_AM_files/figure-latex/fa-icon-ead870
92f1ee45c68360e07f2a5b1042.pdf' not found: using draft setting.

See the pdftex.def package documentation for explanation.
Type  H <return>  for immediate help.
 ...                                              
                                                  
l.6695 ...042.pdf} ~\textcolor{excolor}{Ejemplo.}}
                                                   En el ejemplo sobre los d...

Try typing  <return>  to proceed.
If that doesn't work, type  X <return>  to quit.

LaTeX Info: Redefining \. on input line 6714.
LaTeX Info: Redefining \% on input line 6714.
[153]

LaTeX Warning: Reference `fig:co' on page 154 undefined on input line 6753.


! LaTeX Error: File `bookdown_AM_files/figure-latex/co-1' not found.

See the LaTeX manual or LaTeX Companion for explanation.
Type  H <return>  for immediate help.
 ...                                              
                                                  
l.6769 ...]{bookdown_AM_files/figure-latex/co-1} }
                                                  
I could not locate the file with any of these extensions:
.pdf,.png,.jpg,.mps,.jpeg,.jbig2,.jb2,.PDF,.PNG,.JPG,.JPEG,.JBIG2,.JB2,.eps
Try typing  <return>  to proceed.
If that doesn't work, type  X <return>  to quit.

LaTeX Info: Redefining \. on input line 6782.
LaTeX Info: Redefining \% on input line 6782.
[154]

LaTeX Warning: Reference `fig:cod' on page 155 undefined on input line 6797.


! LaTeX Error: File `bookdown_AM_files/figure-latex/cod-1' not found.

See the LaTeX manual or LaTeX Companion for explanation.
Type  H <return>  for immediate help.
 ...                                              
                                                  
l.6813 ...{bookdown_AM_files/figure-latex/cod-1} }
                                                  
I could not locate the file with any of these extensions:
.pdf,.png,.jpg,.mps,.jpeg,.jbig2,.jb2,.PDF,.PNG,.JPG,.JPEG,.JBIG2,.JB2,.eps
Try typing  <return>  to proceed.
If that doesn't work, type  X <return>  to quit.


LaTeX Warning: Reference `fig:cos' on page 155 undefined on input line 6821.


! LaTeX Error: File `bookdown_AM_files/figure-latex/cos-1' not found.

See the LaTeX manual or LaTeX Companion for explanation.
Type  H <return>  for immediate help.
 ...                                              
                                                  
l.6842 ...{bookdown_AM_files/figure-latex/cos-1} }
                                                  
I could not locate the file with any of these extensions:
.pdf,.png,.jpg,.mps,.jpeg,.jbig2,.jb2,.PDF,.PNG,.JPG,.JPEG,.JBIG2,.JB2,.eps
Try typing  <return>  to proceed.
If that doesn't work, type  X <return>  to quit.


! LaTeX Error: File `bookdown_AM_files/figure-latex/co2-1' not found.

See the LaTeX manual or LaTeX Companion for explanation.
Type  H <return>  for immediate help.
 ...                                              
                                                  
l.6864 ...{bookdown_AM_files/figure-latex/co2-1} }
                                                  
I could not locate the file with any of these extensions:
.pdf,.png,.jpg,.mps,.jpeg,.jbig2,.jb2,.PDF,.PNG,.JPG,.JPEG,.JBIG2,.JB2,.eps
Try typing  <return>  to proceed.
If that doesn't work, type  X <return>  to quit.


LaTeX Warning: Reference `fig:co2' on page 155 undefined on input line 6872.

LaTeX Info: Redefining \. on input line 6879.
LaTeX Info: Redefining \% on input line 6879.
[155]
LaTeX Info: Redefining \. on input line 6880.
LaTeX Info: Redefining \% on input line 6880.
 [156]
chapter 6.
[157


]
LaTeX Info: Redefining \. on input line 6959.
LaTeX Info: Redefining \% on input line 6959.
 [158]
LaTeX Info: Redefining \. on input line 6995.
LaTeX Info: Redefining \% on input line 6995.
 [159]
LaTeX Info: Redefining \. on input line 7033.
LaTeX Info: Redefining \% on input line 7033.
 [160]
LaTeX Info: Redefining \. on input line 7071.
LaTeX Info: Redefining \% on input line 7071.
 [161]

LaTeX Warning: File `bookdown_AM_files/figure-latex/fa-icon-ead87092f1ee45c6836
0e07f2a5b1042.pdf' not found on input line 7072.


! Package pdftex.def Error: File `bookdown_AM_files/figure-latex/fa-icon-ead870
92f1ee45c68360e07f2a5b1042.pdf' not found: using draft setting.

See the pdftex.def package documentation for explanation.
Type  H <return>  for immediate help.
 ...                                              
                                                  
l.7072 ...042.pdf} ~\textcolor{excolor}{Ejemplo.}}
                                                   Supongamos que \(f_i\) es...

Try typing  <return>  to proceed.
If that doesn't work, type  X <return>  to quit.

LaTeX Info: Redefining \. on input line 7103.
LaTeX Info: Redefining \% on input line 7103.
[162]
LaTeX Info: Redefining \. on input line 7138.
LaTeX Info: Redefining \% on input line 7138.
 [163]

LaTeX Warning: File `bookdown_AM_files/figure-latex/fa-icon-ead87092f1ee45c6836
0e07f2a5b1042.pdf' not found on input line 7138.


! Package pdftex.def Error: File `bookdown_AM_files/figure-latex/fa-icon-ead870
92f1ee45c68360e07f2a5b1042.pdf' not found: using draft setting.

See the pdftex.def package documentation for explanation.
Type  H <return>  for immediate help.
 ...                                              
                                                  
l.7138 ...042.pdf} ~\textcolor{excolor}{Ejemplo.}}
                                                   En el ejemplo anterior, s...

Try typing  <return>  to proceed.
If that doesn't work, type  X <return>  to quit.

LaTeX Info: Redefining \. on input line 7175.
LaTeX Info: Redefining \% on input line 7175.
[164]
LaTeX Info: Redefining \. on input line 7206.
LaTeX Info: Redefining \% on input line 7206.
 [165]

LaTeX Warning: File `bookdown_AM_files/figure-latex/fa-icon-ead87092f1ee45c6836
0e07f2a5b1042.pdf' not found on input line 7234.


! Package pdftex.def Error: File `bookdown_AM_files/figure-latex/fa-icon-ead870
92f1ee45c68360e07f2a5b1042.pdf' not found: using draft setting.

See the pdftex.def package documentation for explanation.
Type  H <return>  for immediate help.
 ...                                              
                                                  
l.7234 ...042.pdf} ~\textcolor{excolor}{Ejemplo.}}
                                                   Si las dos distribuciones...

Try typing  <return>  to proceed.
If that doesn't work, type  X <return>  to quit.

LaTeX Info: Redefining \. on input line 7238.
LaTeX Info: Redefining \% on input line 7238.
[166]

LaTeX Warning: File `bookdown_AM_files/figure-latex/fa-icon-ead87092f1ee45c6836
0e07f2a5b1042.pdf' not found on input line 7245.


! Package pdftex.def Error: File `bookdown_AM_files/figure-latex/fa-icon-ead870
92f1ee45c68360e07f2a5b1042.pdf' not found: using draft setting.

See the pdftex.def package documentation for explanation.
Type  H <return>  for immediate help.
 ...                                              
                                                  
l.7245 ...042.pdf} ~\textcolor{excolor}{Ejemplo.}}
                                                   Una población se encuent...

Try typing  <return>  to proceed.
If that doesn't work, type  X <return>  to quit.


LaTeX Warning: File `bookdown_AM_files/figure-latex/fa-icon-ead87092f1ee45c6836
0e07f2a5b1042.pdf' not found on input line 7257.


! Package pdftex.def Error: File `bookdown_AM_files/figure-latex/fa-icon-ead870
92f1ee45c68360e07f2a5b1042.pdf' not found: using draft setting.

See the pdftex.def package documentation for explanation.
Type  H <return>  for immediate help.
 ...                                              
                                                  
l.7257 ...042.pdf} ~\textcolor{excolor}{Ejemplo.}}
                                                   Consideremos una poblaci�...

Try typing  <return>  to proceed.
If that doesn't work, type  X <return>  to quit.

LaTeX Info: Redefining \. on input line 7274.
LaTeX Info: Redefining \% on input line 7274.
[167]
LaTeX Info: Redefining \. on input line 7310.
LaTeX Info: Redefining \% on input line 7310.
 [168]
LaTeX Info: Redefining \. on input line 7338.
LaTeX Info: Redefining \% on input line 7338.
 [169]
LaTeX Info: Redefining \. on input line 7376.
LaTeX Info: Redefining \% on input line 7376.
 [170]
LaTeX Info: Redefining \. on input line 7405.
LaTeX Info: Redefining \% on input line 7405.
 [171]

LaTeX Warning: File `bookdown_AM_files/figure-latex/fa-icon-ead87092f1ee45c6836
0e07f2a5b1042.pdf' not found on input line 7418.


! Package pdftex.def Error: File `bookdown_AM_files/figure-latex/fa-icon-ead870
92f1ee45c68360e07f2a5b1042.pdf' not found: using draft setting.

See the pdftex.def package documentation for explanation.
Type  H <return>  for immediate help.
 ...                                              
                                                  
l.7418 ...042.pdf} ~\textcolor{excolor}{Ejemplo.}}
                                                   Supongamos dos muestras d...

Try typing  <return>  to proceed.
If that doesn't work, type  X <return>  to quit.

LaTeX Info: Redefining \. on input line 7436.
LaTeX Info: Redefining \% on input line 7436.
[172]
LaTeX Info: Redefining \. on input line 7482.
LaTeX Info: Redefining \% on input line 7482.
 [173]
LaTeX Info: Redefining \. on input line 7513.
LaTeX Info: Redefining \% on input line 7513.
 [174]

LaTeX Warning: Reference `eq:reglaoptima' on page 175 undefined on input line 7
525.

LaTeX Info: Redefining \. on input line 7554.
LaTeX Info: Redefining \% on input line 7554.
[175]
LaTeX Info: Redefining \. on input line 7568.
LaTeX Info: Redefining \% on input line 7568.
 [176]
chapter 7.
[177


]
LaTeX Info: Redefining \. on input line 7636.
LaTeX Info: Redefining \% on input line 7636.
 [178]
LaTeX Info: Redefining \. on input line 7679.
LaTeX Info: Redefining \% on input line 7679.
 [179]
Underfull \hbox (badness 3989) in paragraph at lines 7681--7686
[]\T1/pplx/m/n/12 (+20) Consiste en de-fi-nir $\OML/zplm/m/it/12 d\OT1/zplm/m/n
/12 (\OML/zplm/m/it/12 C[]\OT1/pplx/m/n/12 (+20) , \OML/zplm/m/it/12 C[] \OMS/z
plm/m/n/12 [ \OML/zplm/m/it/12 C[]\OT1/zplm/m/n/12 ) = []\OML/zplm/m/it/12 d\OT
1/zplm/m/n/12 (\OML/zplm/m/it/12 C[]\OT1/pplx/m/n/12 (+20) , \OML/zplm/m/it/12 
C[]\OT1/zplm/m/n/12 ) +
 []

LaTeX Info: Redefining \. on input line 7713.
LaTeX Info: Redefining \% on input line 7713.
[180]
LaTeX Info: Redefining \. on input line 7752.
LaTeX Info: Redefining \% on input line 7752.
 [181]

Package natbib Warning: Citation `Hartigan1979' on page 182 undefined on input 
line 7755.

LaTeX Info: Redefining \. on input line 7760.
LaTeX Info: Redefining \% on input line 7760.
[182]
chapter A.
[183


]
LaTeX Info: Redefining \. on input line 7835.
LaTeX Info: Redefining \% on input line 7835.
 [184]
LaTeX Font Info:    Trying to load font information for TS1+pplx on input line 
7850.

(C:\Users\beatriz\AppData\Local\Programs\MiKTeX\tex/latex/psnfss\ts1pplx.fd
File: ts1pplx.fd 2004/09/06 font definitions for TS1/pplx.
)
LaTeX Info: Redefining \. on input line 7881.
LaTeX Info: Redefining \% on input line 7881.

[185]
LaTeX Info: Redefining \. on input line 7915.
LaTeX Info: Redefining \% on input line 7915.
 [186]
LaTeX Info: Redefining \. on input line 7951.
LaTeX Info: Redefining \% on input line 7951.
 [187]

LaTeX Warning: Reference `cor:colW' on page 188 undefined on input line 7972.


LaTeX Warning: Reference `thm:transW' on page 188 undefined on input line 7980.


LaTeX Info: Redefining \. on input line 8004.
LaTeX Info: Redefining \% on input line 8004.
[188]
LaTeX Info: Redefining \. on input line 8036.
LaTeX Info: Redefining \% on input line 8036.
 [189]
Overfull \hbox (12.93646pt too wide) detected at line 8064
[] [] \OT1/zplm/m/n/12 = [] [] = [] [] \OML/zplm/m/it/12 a[]a[][] [] [] [] a[][
] \OT1/zplm/m/n/12 = \OMS/zplm/m/n/12 k\OML/lmm/b/it/12 a\OMS/zplm/m/n/12 k[]\O
T1/zplm/m/n/12 ^^F\OT1/pplx/m/n/12 ,
 []

LaTeX Info: Redefining \. on input line 8079.
LaTeX Info: Redefining \% on input line 8079.
[190]
LaTeX Info: Redefining \. on input line 8118.
LaTeX Info: Redefining \% on input line 8118.
 [191]

LaTeX Warning: Reference `thm:tc' on page 192 undefined on input line 8128.


LaTeX Warning: Reference `eq:xpax' on page 192 undefined on input line 8131.


LaTeX Warning: Reference `thm:tc' on page 192 undefined on input line 8138.


LaTeX Warning: Reference `eq:xpax' on page 192 undefined on input line 8141.


LaTeX Warning: Reference `thm:tc' on page 192 undefined on input line 8151.


LaTeX Warning: Reference `eq:xpax' on page 192 undefined on input line 8155.

LaTeX Info: Redefining \. on input line 8174.
LaTeX Info: Redefining \% on input line 8174.
[192]

LaTeX Warning: Reference `thm:tc' on page 193 undefined on input line 8192.

LaTeX Info: Redefining \. on input line 8218.
LaTeX Info: Redefining \% on input line 8218.
[193]

LaTeX Warning: Reference `thm:tc2' on page 194 undefined on input line 8233.


LaTeX Warning: Reference `thm:tc2' on page 194 undefined on input line 8238.

LaTeX Font Info:    Font shape `U/msa/m/n' will be
(Font)              scaled to size 15.0049pt on input line 8242.
LaTeX Font Info:    Font shape `U/msa/m/n' will be
(Font)              scaled to size 10.42007pt on input line 8242.
LaTeX Font Info:    Font shape `U/msa/m/n' will be
(Font)              scaled to size 8.33606pt on input line 8242.
LaTeX Font Info:    Font shape `U/msb/m/n' will be
(Font)              scaled to size 15.0049pt on input line 8242.
LaTeX Font Info:    Font shape `U/msb/m/n' will be
(Font)              scaled to size 10.42007pt on input line 8242.
LaTeX Font Info:    Font shape `U/msb/m/n' will be
(Font)              scaled to size 8.33606pt on input line 8242.
LaTeX Info: Redefining \. on input line 8254.
LaTeX Info: Redefining \% on input line 8254.
[194]
LaTeX Info: Redefining \. on input line 8292.
LaTeX Info: Redefining \% on input line 8292.
 [195]

LaTeX Warning: Reference `thm:transW' on page 196 undefined on input line 8294.



Package natbib Warning: Citation `mkb79' on page 196 undefined on input line 83
11.

LaTeX Info: Redefining \. on input line 8332.
LaTeX Info: Redefining \% on input line 8332.
[196]

LaTeX Warning: Reference `thm:gf' on page 197 undefined on input line 8356.

LaTeX Info: Redefining \. on input line 8371.
LaTeX Info: Redefining \% on input line 8371.
[197]

LaTeX Warning: Reference `cor:nose' on page 198 undefined on input line 8375.


LaTeX Warning: Reference `thm:gf' on page 198 undefined on input line 8375.

LaTeX Info: Redefining \. on input line 8407.
LaTeX Info: Redefining \% on input line 8407.
[198]
LaTeX Info: Redefining \. on input line 8442.
LaTeX Info: Redefining \% on input line 8442.
 [199]
LaTeX Info: Redefining \. on input line 8476.
LaTeX Info: Redefining \% on input line 8476.
 [200]
LaTeX Info: Redefining \. on input line 8502.
LaTeX Info: Redefining \% on input line 8502.
 [201]
LaTeX Info: Redefining \. on input line 8511.
LaTeX Info: Redefining \% on input line 8511.
 [202]
chapter B.
[203


]
No file bookdown_AM.bbl.
No file bookdown_AM.ind.

Package natbib Warning: There were undefined citations.


Package longtable Warning: Table widths have changed. Rerun LaTeX.

LaTeX Info: Redefining \. on input line 8600.
LaTeX Info: Redefining \% on input line 8600.
[204] (bookdown_AM.aux
LaTeX Info: Redefining \. on input line 25.
LaTeX Info: Redefining \% on input line 25.
)

LaTeX Warning: There were undefined references.


LaTeX Warning: Label(s) may have changed. Rerun to get cross-references right.

 ) 
Here is how much of TeX's memory you used:
 25987 strings out of 476374
 501197 string characters out of 5787910
 1869340 words of memory out of 5000000
 44748 multiletter control sequences out of 15000+600000
 644640 words of font info for 673 fonts, out of 8000000 for 9000
 1141 hyphenation exceptions out of 8191
 108i,15n,106p,10936b,685s stack positions out of 10000i,1000n,20000p,200000b,200000s
{C:/Users/beatriz/AppData/Local/Programs/MiKTeX/fonts/enc/dvips/lm/lm-ts1.enc
}{C:/Users/beatriz/AppData/Local/Programs/MiKTeX/fonts/enc/dvips/lm/lm-mathsy.e
nc}{C:/Users/beatriz/AppData/Local/Programs/MiKTeX/fonts/enc/dvips/lm/lm-rm.enc
}{C:/Users/beatriz/AppData/Local/Programs/MiKTeX/fonts/enc/dvips/lm/lm-mathit.e
nc}{C:/Users/beatriz/AppData/Local/Programs/MiKTeX/fonts/enc/dvips/base/8r.enc}
{C:/Users/beatriz/AppData/Local/Programs/MiKTeX/fonts/enc/dvips/lm/lm-ec.enc}<C
:/Users/beatriz/AppData/Local/Programs/MiKTeX/fonts/type1/public/amsfonts/cm/cm
bsy10.pfb><C:/Users/beatriz/AppData/Local/Programs/MiKTeX/fonts/type1/public/am
sfonts/cm/cmex10.pfb><C:/Users/beatriz/AppData/Local/Programs/MiKTeX/fonts/type
1/public/amsfonts/cm/cmmi10.pfb><C:/Users/beatriz/AppData/Local/Programs/MiKTeX
/fonts/type1/public/amsfonts/cm/cmr10.pfb><C:/Users/beatriz/AppData/Local/Progr
ams/MiKTeX/fonts/type1/public/amsfonts/cm/cmsy10.pfb><C:/Users/beatriz/AppData/
Local/Programs/MiKTeX/fonts/type1/public/mathpazo/fplmb.pfb><C:/Users/beatriz/A
ppData/Local/Programs/MiKTeX/fonts/type1/public/mathpazo/fplmbb.pfb><C:/Users/b
eatriz/AppData/Local/Programs/MiKTeX/fonts/type1/public/mathpazo/fplmbi.pfb><C:
/Users/beatriz/AppData/Local/Programs/MiKTeX/fonts/type1/public/mathpazo/fplmr.
pfb><C:/Users/beatriz/AppData/Local/Programs/MiKTeX/fonts/type1/public/mathpazo
/fplmri.pfb><C:/Users/beatriz/AppData/Local/Programs/MiKTeX/fonts/type1/public/
lm/lmbsy10.pfb><C:/Users/beatriz/AppData/Local/Programs/MiKTeX/fonts/type1/publ
ic/lm/lmbx12.pfb><C:/Users/beatriz/AppData/Local/Programs/MiKTeX/fonts/type1/pu
blic/lm/lmbx7.pfb><C:/Users/beatriz/AppData/Local/Programs/MiKTeX/fonts/type1/p
ublic/lm/lmbx9.pfb><C:/Users/beatriz/AppData/Local/Programs/MiKTeX/fonts/type1/
public/lm/lmmib10.pfb><C:/Users/beatriz/AppData/Local/Programs/MiKTeX/fonts/typ
e1/public/lm/lmmib7.pfb><C:/Users/beatriz/AppData/Local/Programs/MiKTeX/fonts/t
ype1/public/lm/lmssbx10.pfb><C:/Users/beatriz/AppData/Local/Programs/MiKTeX/fon
ts/type1/public/lm/lmtk10.pfb><C:/Users/beatriz/AppData/Local/Programs/MiKTeX/f
onts/type1/public/lm/lmtt12.pfb><C:/Users/beatriz/AppData/Local/Programs/MiKTeX
/fonts/type1/public/lm/lmtt9.pfb><C:/Users/beatriz/AppData/Local/Programs/MiKTe
X/fonts/type1/public/lm/lmtti10.pfb><C:/Users/beatriz/AppData/Local/Programs/Mi
KTeX/fonts/type1/urw/palatino/uplb8a.pfb><C:/Users/beatriz/AppData/Local/Progra
ms/MiKTeX/fonts/type1/urw/palatino/uplbi8a.pfb><C:/Users/beatriz/AppData/Local/
Programs/MiKTeX/fonts/type1/urw/palatino/uplr8a.pfb><C:/Users/beatriz/AppData/L
ocal/Programs/MiKTeX/fonts/type1/urw/palatino/uplri8a.pfb>
Output written on bookdown_AM.pdf (204 pages, 1031644 bytes).
PDF statistics:
 1528 PDF objects out of 1728 (max. 8388607)
 467 named destinations out of 1000 (max. 500000)
 92582 words of extra memory for PDF output out of 106986 (max. 10000000)

